"Date","Price","Open","High","Low","Vol.","Change %"
"05/03/2023","106.440","107.000","107.300","106.490","0.00K","0.36%"
"05/02/2023","106.060","107.000","107.000","106.110","0.00K","-0.04%"
"04/27/2023","106.100","107.300","107.555","106.150","0.00K","-0.02%"
"04/26/2023","106.120","107.650","107.730","106.170","0.00K","-1.28%"
"04/25/2023","107.500","107.650","107.650","106.180","0.00K","1.32%"
"04/24/2023","106.100","107.650","107.650","106.150","0.01K","-0.01%"
"04/18/2023","106.110","107.500","107.655","106.160","0.00K","-0.13%"
"04/17/2023","106.250","107.600","107.600","106.300","0.00K","-0.11%"
"04/13/2023","106.370","107.550","107.550","106.420","0.00K","0.03%"
"04/12/2023","106.340","107.400","107.400","106.390","0.00K","0.06%"
"04/11/2023","106.280","107.300","107.300","106.330","0.00K","0.11%"
"04/10/2023","106.160","107.150","107.150","106.215","0.00K","0.33%"
"04/06/2023","105.810","107.700","107.700","105.860","0.00K","-1.48%"
"04/05/2023","107.400","107.450","107.450","105.720","0.00K","1.83%"
"04/04/2023","105.470","107.200","107.200","105.520","0.00K","0.22%"
"04/03/2023","105.240","107.700","107.700","105.290","0.00K","-1.83%"
"03/30/2023","107.200","107.250","107.250","107.250","","0.79%"
"03/29/2023","106.360","107.250","107.280","105.110","0.00K","-1.20%"
"03/28/2023","107.650","107.700","107.700","107.700","","2.48%"
"03/27/2023","105.040","107.700","107.700","105.090","0.00K","-0.01%"
"03/23/2023","105.050","107.700","107.700","105.100","0.00K","-0.01%"
"03/22/2023","105.060","107.600","107.600","105.110","0.00K","-1.36%"
"03/21/2023","106.510","107.600","107.600","105.220","0.01K","1.21%"
"03/20/2023","105.240","107.600","107.600","105.290","0.00K","-1.41%"
"03/16/2023","106.750","107.450","107.575","105.440","0.00K","1.28%"
"03/15/2023","105.400","107.250","107.250","105.450","0.00K","-0.13%"
"03/14/2023","105.540","106.880","106.880","105.590","","0.10%"
"03/13/2023","105.430","106.880","106.880","105.480","0.00K","0.06%"
"03/09/2023","105.370","106.000","106.000","105.420","0.00K","0.13%"
"03/07/2023","105.230","106.400","106.400","105.280","0.00K","0.32%"
"03/06/2023","104.890","106.250","106.250","104.940","0.00K","-1.51%"
"03/02/2023","106.500","104.650","107.125","104.650","0.00K","1.99%"
"03/01/2023","104.420","107.200","107.315","104.470","0.01K","-0.03%"
"02/28/2023","104.450","106.550","106.960","104.500","0.00K","-2.02%"
"02/27/2023","106.600","106.650","107.075","104.340","0.00K","0.01%"
"02/23/2023","106.590","106.850","107.175","106.745","0.00K","-0.04%"
"02/22/2023","106.630","105.850","107.115","105.850","0.00K","0.45%"
"02/20/2023","106.150","106.250","106.250","106.200","0.00K","0.38%"
"02/16/2023","105.750","107.200","107.200","105.800","0.00K","-0.42%"
"02/15/2023","106.200","106.700","107.150","106.250","0.00K","-0.84%"
"02/14/2023","107.100","107.025","107.150","107.200","0.00K","0.23%"
"02/13/2023","106.850","106.900","106.900","106.900","","2.12%"
"02/09/2023","104.630","106.750","107.150","104.680","0.00K","-1.66%"
"02/08/2023","106.400","106.450","106.450","106.450","","0.16%"
"02/07/2023","106.230","106.800","106.975","106.540","0.00K","0.01%"
"02/06/2023","106.220","107.150","107.150","106.710","0.00K","-1.01%"
"02/02/2023","107.300","106.900","107.350","106.120","0.01K","1.63%"
"02/01/2023","105.580","106.900","106.900","106.080","0.00K","-1.05%"
"01/31/2023","106.700","106.150","106.750","106.150","0.00K","0.76%"
"01/30/2023","105.900","106.050","106.275","105.800","0.01K","0.38%"
"01/27/2023","105.500","106.000","106.000","106.000","","0.00%"
"01/26/2023","105.500","104.500","106.000","104.500","0.00K","0.86%"
"01/25/2023","104.600","106.450","106.475","103.870","0.00K","-1.51%"
"01/24/2023","106.200","106.070","106.600","103.980","0.01K","0.66%"
"01/23/2023","105.500","106.350","106.455","104.030","0.01K","0.38%"
"01/19/2023","105.100","106.460","106.950","103.810","0.01K","-0.57%"
"01/18/2023","105.700","106.400","106.675","103.820","0.01K","1.93%"
"01/17/2023","103.700","106.500","106.800","103.800","0.01K","-0.20%"
"01/16/2023","103.910","106.850","106.900","103.960","0.00K","-0.09%"
"01/13/2023","104.000","104.450","104.450","104.450","","-0.13%"
"01/12/2023","104.140","106.500","106.850","104.190","0.00K","0.04%"
"01/11/2023","104.100","106.500","106.500","104.215","0.01K","-0.86%"
"01/10/2023","105.000","106.500","106.500","104.120","0.01K","0.48%"
"01/09/2023","104.500","106.500","106.500","103.860","0.00K","1.06%"
"01/06/2023","103.400","103.800","103.850","103.750","","-0.10%"
"01/05/2023","103.500","106.500","106.500","103.595","0.01K","0.19%"
"01/04/2023","103.300","106.500","106.500","103.330","0.01K","-0.05%"
"01/03/2023","103.350","106.500","106.500","103.310","0.01K","-2.45%"
"01/02/2023","105.950","103.300","106.450","102.890","0.00K","3.37%"
"12/30/2022","102.500","103.100","103.100","103.100","","-0.10%"
"12/29/2022","102.600","106.400","106.400","102.660","0.00K","-2.66%"
"12/28/2022","105.400","103.400","106.040","102.690","0.00K","2.63%"
"12/27/2022","102.700","103.750","103.850","102.580","0.00K","-1.20%"
"12/26/2022","103.950","104.000","104.000","104.000","","-1.19%"
"12/23/2022","105.200","105.900","105.900","105.850","0.00K","0.00%"
"12/22/2022","105.200","104.000","105.935","102.870","0.01K","-0.19%"
"12/21/2022","105.400","104.000","106.020","102.740","0.01K","2.83%"
"12/20/2022","102.500","104.050","106.250","102.595","0.01K","-3.03%"
"12/19/2022","105.700","104.150","106.370","104.150","0.01K","1.54%"
"12/16/2022","104.100","104.250","104.250","104.250","","-0.10%"
"12/15/2022","104.200","103.850","104.400","103.850","0.00K","1.07%"
"12/14/2022","103.100","103.850","103.850","103.200","0.00K","-0.58%"
"12/13/2022","103.700","103.350","103.750","103.350","0.00K","0.10%"
"12/12/2022","103.600","103.350","103.900","102.860","0.00K","0.88%"
"12/08/2022","102.700","103.100","103.625","102.725","0.01K","-0.63%"
"12/07/2022","103.350","103.250","103.700","102.665","0.01K","0.24%"
"12/06/2022","103.100","103.150","103.550","103.050","0.01K","0.19%"
"12/05/2022","102.900","103.000","103.500","102.400","0.01K","0.68%"
"12/02/2022","102.200","102.400","102.400","102.400","","-0.10%"
"12/01/2022","102.300","101.700","102.600","101.450","0.01K","0.79%"
"11/30/2022","101.500","101.450","101.800","101.450","0.01K","0.10%"
"11/29/2022","101.400","101.450","105.550","101.450","0.01K","-3.43%"
"11/28/2022","105.000","101.800","105.650","101.640","0.01K","3.24%"
"11/25/2022","101.700","102.100","102.100","102.100","","-0.10%"
"11/24/2022","101.800","102.400","102.400","101.850","0.00K","0.20%"
"11/23/2022","101.600","103.400","103.400","101.830","0.01K","-0.59%"
"11/22/2022","102.200","103.400","103.400","102.335","0.00K","-0.58%"
"11/21/2022","102.800","103.400","103.575","102.940","0.00K","0.19%"
"11/18/2022","102.600","103.050","103.050","103.050","","-0.10%"
"11/17/2022","102.700","103.600","103.600","102.875","0.01K","0.10%"
"11/16/2022","102.600","102.550","103.000","102.550","0.00K","0.20%"
"11/15/2022","102.400","102.550","102.750","102.500","0.00K","0.29%"
"11/14/2022","102.100","101.700","102.670","101.700","0.01K","0.39%"
"11/11/2022","101.700","102.150","102.150","102.150","","-0.10%"
"11/10/2022","101.800","101.650","102.260","101.650","0.01K","-2.86%"
"11/09/2022","104.800","101.650","105.700","101.650","0.01K","3.42%"
"11/08/2022","101.330","101.850","101.850","101.380","0.01K","-0.36%"
"11/07/2022","101.700","102.200","102.375","101.800","0.00K","-0.93%"
"11/04/2022","102.650","102.650","102.650","102.650","","-0.05%"
"11/03/2022","102.700","101.950","102.800","101.900","0.00K","0.98%"
"11/02/2022","101.700","101.110","102.100","101.070","0.01K","0.89%"
"11/01/2022","100.800","101.450","101.900","100.905","0.01K","0.00%"
"10/31/2022","100.800","101.450","101.600","100.905","0.01K","-0.30%"
"10/28/2022","101.100","101.650","101.650","101.200","0.00K","-0.16%"
"10/27/2022","101.260","101.450","101.470","101.310","0.00K","-0.14%"
"10/26/2022","101.400","101.450","101.660","101.450","0.01K","-3.61%"
"10/25/2022","105.200","101.450","105.700","101.450","0.01K","3.65%"
"10/24/2022","101.500","100.950","101.780","100.950","0.00K","0.30%"
"10/20/2022","101.200","101.500","105.940","101.300","0.01K","-4.37%"
"10/19/2022","105.820","101.700","105.820","101.500","0.00K","0.02%"
"10/18/2022","105.800","102.925","105.850","101.730","0.01K","3.32%"
"10/17/2022","102.400","105.950","105.950","102.575","0.01K","0.49%"
"10/14/2022","101.900","102.750","102.750","102.650","0.00K","-0.10%"
"10/13/2022","102.000","105.600","105.600","102.065","0.01K","0.49%"
"10/12/2022","101.500","105.750","105.750","101.610","0.01K","-0.10%"
"10/11/2022","101.600","105.000","105.000","101.640","0.01K","0.34%"
"10/10/2022","101.260","102.300","105.250","100.680","0.00K","-1.59%"
"10/06/2022","102.900","101.010","103.575","101.010","0.01K","1.28%"
"10/04/2022","101.600","101.710","103.045","101.010","0.01K","0.10%"
"10/03/2022","101.500","101.700","102.080","101.250","0.01K","0.40%"
"09/30/2022","101.100","101.250","101.250","101.250","","-0.10%"
"09/29/2022","101.200","101.230","101.300","101.230","0.00K","-1.08%"
"09/28/2022","102.300","102.525","103.100","102.425","0.01K","1.47%"
"09/27/2022","100.820","102.430","102.430","100.870","","-1.73%"
"09/26/2022","102.600","100.870","103.150","100.870","0.00K","0.00%"
"09/23/2022","102.600","103.100","103.200","103.050","0.00K","-0.10%"
"09/22/2022","102.700","102.925","103.200","102.825","0.01K","-0.48%"
"09/21/2022","103.200","103.550","103.700","103.400","0.01K","-0.10%"
"09/20/2022","103.300","103.550","103.700","103.450","0.00K","-0.48%"
"09/19/2022","103.800","103.500","104.400","103.500","0.01K","0.00%"
"09/16/2022","103.800","104.400","104.400","104.400","","-0.10%"
"09/15/2022","103.900","104.500","104.500","103.050","0.01K","-0.05%"
"09/14/2022","103.950","102.430","104.000","102.430","0.01K","1.51%"
"09/13/2022","102.400","102.400","0.000","0.000","","7.89%"
"09/12/2022","94.910","95.025","95.055","94.980","0.00K","0.00%"
"09/09/2022","94.910","95.395","95.430","95.395","0.00K","-0.09%"
"09/08/2022","95.000","95.025","95.025","95.025","","0.00%"
"09/07/2022","95.000","95.025","95.025","95.025","","0.09%"
"09/06/2022","94.910","95.025","95.055","94.980","0.01K","0.00%"
"09/05/2022","94.910","95.025","95.135","94.980","0.01K","0.09%"
"09/02/2022","94.820","95.110","95.110","95.110","","-0.09%"
"09/01/2022","94.910","95.025","95.055","94.980","0.00K","0.00%"
"08/31/2022","94.910","95.025","95.135","94.980","0.00K","-0.09%"
"08/30/2022","95.000","95.025","95.025","95.025","","0.09%"
"08/29/2022","94.910","95.025","95.270","94.890","0.01K","0.19%"
"08/26/2022","94.730","95.010","95.265","94.920","0.00K","-0.19%"
"08/25/2022","94.910","95.025","95.055","94.980","0.01K","0.00%"
"08/24/2022","94.910","95.025","95.055","94.980","0.01K","0.02%"
"08/23/2022","94.890","95.025","95.060","94.970","0.01K","-0.02%"
"08/22/2022","94.910","95.025","95.420","94.980","0.01K","-0.03%"
"08/19/2022","94.940","95.365","95.365","95.365","","0.03%"
"08/18/2022","94.910","95.010","95.010","95.010","","0.00%"
"08/17/2022","94.910","94.985","95.055","94.965","0.01K","0.00%"
"08/16/2022","94.910","95.025","95.030","94.980","0.01K","0.09%"
"08/15/2022","94.820","95.010","95.235","94.965","0.00K","-0.09%"
"08/11/2022","94.910","94.975","95.095","94.930","0.01K","-0.04%"
"08/10/2022","94.950","94.700","95.070","94.700","0.01K","0.36%"
"08/09/2022","94.610","94.965","95.050","94.865","0.00K","-0.10%"
"08/08/2022","94.700","94.700","94.725","94.700","0.01K","0.28%"
"08/05/2022","94.440","94.965","94.965","94.965","","-0.10%"
"08/04/2022","94.530","94.725","94.760","94.640","0.01K","-0.18%"
"08/03/2022","94.700","94.710","94.755","94.680","0.01K","0.00%"
"08/02/2022","94.700","94.700","94.725","94.700","0.01K","0.10%"
"08/01/2022","94.610","94.700","95.010","94.595","0.01K","0.18%"
"07/29/2022","94.440","94.880","94.880","94.880","","-0.10%"
"07/28/2022","94.530","94.725","94.760","94.640","0.01K","-0.08%"
"07/27/2022","94.610","94.700","94.830","94.680","0.01K","-0.10%"
"07/26/2022","94.700","94.450","94.755","94.450","0.01K","0.51%"
"07/25/2022","94.220","94.475","94.650","94.360","0.01K","-0.10%"
"07/22/2022","94.310","94.575","94.575","94.575","","-0.10%"
"07/21/2022","94.400","93.950","94.450","93.950","0.01K","0.48%"
"07/20/2022","93.950","93.975","93.975","93.950","0.00K","0.00%"
"07/19/2022","93.950","93.950","93.975","93.950","0.01K","0.34%"
"07/18/2022","93.630","93.975","94.080","93.500","0.01K","-0.29%"
"07/14/2022","93.900","93.975","93.975","93.950","0.00K","0.10%"
"07/13/2022","93.810","93.450","94.035","93.450","0.01K","0.44%"
"07/12/2022","93.400","93.475","93.475","93.450","0.01K","0.43%"
"07/11/2022","93.000","93.515","93.680","93.425","0.00K","-0.19%"
"07/08/2022","93.180","93.415","93.580","93.350","0.00K","-0.19%"
"07/07/2022","93.360","93.450","93.485","93.405","0.01K","0.05%"
"07/06/2022","93.310","93.450","93.485","93.405","0.01K","-0.05%"
"07/05/2022","93.360","93.475","93.480","93.430","0.01K","-0.04%"
"07/04/2022","93.400","93.475","93.475","93.450","0.01K","-0.05%"
"06/30/2022","93.450","93.475","93.475","93.450","0.00K","0.05%"
"06/29/2022","93.400","93.475","93.475","93.450","0.00K","0.10%"
"06/28/2022","93.310","92.950","93.455","92.860","0.01K","0.64%"
"06/27/2022","92.720","92.975","93.065","92.815","0.01K","0.10%"
"06/23/2022","92.630","92.975","92.990","92.815","0.01K","-0.25%"
"06/22/2022","92.860","92.950","92.985","92.860","0.01K","0.15%"
"06/21/2022","92.720","92.900","92.960","92.860","0.01K","-0.19%"
"06/20/2022","92.900","92.925","92.950","92.925","0.01K","0.10%"
"06/17/2022","92.810","92.915","92.915","92.915","","-0.10%"
"06/16/2022","92.900","92.950","92.950","92.900","0.00K","0.10%"
"06/15/2022","92.810","92.900","92.955","92.900","0.01K","-0.92%"
"06/14/2022","93.670","92.950","93.915","92.750","0.01K","-0.10%"
"06/13/2022","93.760","92.950","93.910","92.950","0.01K","1.02%"
"06/09/2022","92.810","92.950","93.030","92.905","0.01K","-0.10%"
"06/08/2022","92.900","92.500","92.975","92.300","0.01K","1.03%"
"06/07/2022","91.950","92.550","92.950","92.275","0.01K","0.79%"
"06/06/2022","91.230","91.550","91.940","91.415","0.01K","2.71%"
"06/03/2022","88.820","89.325","89.325","89.325","","-0.10%"
"06/02/2022","88.910","89.075","89.080","89.030","0.01K","0.00%"
"06/01/2022","88.910","89.075","89.080","89.030","0.01K","0.00%"
"05/31/2022","88.910","89.075","89.080","89.030","0.01K","-0.10%"
"05/30/2022","89.000","87.950","89.075","87.950","0.01K","1.56%"
"05/27/2022","87.630","87.935","87.935","87.935","","-0.10%"
"05/26/2022","87.720","87.950","87.965","87.860","0.01K","-0.10%"
"05/25/2022","87.810","87.950","87.960","87.905","0.01K","0.10%"
"05/24/2022","87.720","87.950","87.960","87.860","0.01K","0.00%"
"05/23/2022","87.720","87.550","87.965","87.550","0.01K","0.67%"
"05/20/2022","87.140","87.530","87.545","87.485","0.00K","-0.21%"
"05/19/2022","87.320","87.550","87.560","87.460","0.01K","-0.10%"
"05/18/2022","87.410","87.550","87.560","87.505","0.01K","0.00%"
"05/17/2022","87.410","87.550","87.555","87.505","0.01K","0.00%"
"05/16/2022","87.410","87.550","87.555","87.505","0.01K","0.92%"
"05/13/2022","86.610","86.930","86.930","86.930","","-0.10%"
"05/12/2022","86.700","86.695","86.725","86.695","0.01K","0.10%"
"05/11/2022","86.610","86.695","86.730","86.655","0.01K","-0.10%"
"05/10/2022","86.700","86.695","86.725","86.695","0.01K","0.21%"
"05/09/2022","86.520","86.445","86.740","86.445","0.01K","0.39%"
"05/06/2022","86.180","86.445","86.605","86.355","0.00K","-0.21%"
"05/05/2022","86.360","86.475","86.490","86.430","0.01K","0.10%"
"05/04/2022","86.270","86.770","86.810","86.770","0.00K","0.10%"
"05/03/2022","86.180","86.760","86.760","86.760","","-0.10%"
"05/02/2022","86.270","86.770","86.770","86.770","","-0.10%"
"04/29/2022","86.360","86.615","86.690","86.615","0.00K","0.00%"
"04/28/2022","86.360","86.475","86.560","86.405","0.01K","0.00%"
"04/27/2022","86.360","86.445","86.565","86.405","0.01K","0.00%"
"04/26/2022","86.360","86.195","86.545","86.155","0.01K","0.29%"
"04/25/2022","86.110","86.225","86.320","86.180","0.00K","0.10%"
"04/22/2022","86.020","86.430","86.450","86.385","0.00K","-0.21%"
"04/21/2022","86.200","86.195","86.225","86.195","0.01K","0.00%"
"04/20/2022","86.200","86.195","86.225","86.195","0.01K","0.10%"
"04/19/2022","86.110","86.195","86.315","86.155","0.01K","0.09%"
"04/18/2022","86.030","86.225","86.315","86.115","0.01K","0.10%"
"04/14/2022","85.940","86.465","86.470","86.425","0.00K","-0.20%"
"04/13/2022","86.110","86.195","86.390","86.155","0.01K","0.21%"
"04/12/2022","85.930","86.225","86.325","86.065","0.01K","-0.01%"
"04/11/2022","85.940","86.225","86.325","86.095","0.01K","-0.09%"
"04/08/2022","86.020","86.550","86.555","86.550","0.00K","-0.10%"
"04/07/2022","86.110","86.225","86.325","86.130","0.01K","0.12%"
"04/06/2022","86.010","86.195","86.315","86.105","0.01K","-0.10%"
"04/05/2022","86.100","86.225","86.320","86.115","0.01K","0.08%"
"04/04/2022","86.030","86.225","86.620","86.115","0.01K","-0.09%"
"04/01/2022","86.110","86.275","86.575","86.275","0.00K","-0.10%"
"03/31/2022","86.200","86.195","86.225","86.195","0.01K","0.00%"
"03/30/2022","86.200","86.195","86.225","86.195","0.01K","0.00%"
"03/29/2022","86.200","86.225","86.225","86.195","0.00K","0.10%"
"03/28/2022","86.110","86.195","86.320","86.155","0.01K","0.10%"
"03/25/2022","86.020","86.275","86.485","86.230","0.00K","-0.10%"
"03/24/2022","86.110","86.195","86.320","86.025","0.01K","-0.09%"
"03/23/2022","86.190","86.225","86.225","85.975","0.01K","-0.01%"
"03/22/2022","86.200","85.975","86.225","85.975","0.01K","0.23%"
"03/21/2022","86.000","85.975","86.025","85.975","0.01K","0.10%"
"03/17/2022","85.910","86.270","86.270","86.270","","-0.10%"
"03/16/2022","86.000","85.975","86.025","85.975","0.01K","0.16%"
"03/15/2022","85.860","85.975","86.120","85.930","0.01K","-0.06%"
"03/14/2022","85.910","85.975","86.120","85.955","0.01K","0.10%"
"03/11/2022","85.820","86.060","86.225","86.015","0.00K","-0.10%"
"03/10/2022","85.910","85.975","86.105","85.955","0.01K","0.00%"
"03/09/2022","85.910","85.975","86.030","85.930","0.01K","0.06%"
"03/08/2022","85.860","85.975","86.005","85.930","0.01K","-0.10%"
"03/07/2022","85.950","86.025","86.025","85.975","0.01K","0.24%"
"03/04/2022","85.740","86.145","86.210","86.060","0.00K","-0.20%"
"03/03/2022","85.910","85.975","86.190","85.955","0.01K","0.15%"
"03/02/2022","85.780","85.795","86.095","85.790","0.01K","0.09%"
"03/01/2022","85.700","85.975","86.020","85.750","0.01K","-0.08%"
"02/28/2022","85.770","85.975","86.085","85.885","0.01K","-0.21%"
"02/24/2022","85.950","85.975","85.975","85.975","","0.10%"
"02/23/2022","85.860","85.975","86.140","85.930","0.01K","0.09%"
"02/22/2022","85.780","85.975","86.080","85.890","0.01K","0.01%"
"02/18/2022","85.770","86.110","86.110","86.110","","-0.10%"
"02/17/2022","85.860","85.975","86.140","85.930","0.01K","0.00%"
"02/16/2022","85.860","85.975","85.980","85.930","0.01K","0.12%"
"02/15/2022","85.760","85.975","85.990","85.880","0.01K","-0.05%"
"02/14/2022","85.800","85.975","86.440","85.885","0.01K","0.03%"
"02/11/2022","85.770","85.935","86.395","85.890","0.00K","-0.21%"
"02/10/2022","85.950","85.975","85.975","85.975","","0.10%"
"02/09/2022","85.860","85.975","85.990","85.900","0.01K","0.07%"
"02/08/2022","85.800","85.975","85.990","85.900","0.01K","0.01%"
"02/07/2022","85.790","85.975","86.105","85.850","0.01K","0.11%"
"02/04/2022","85.700","85.980","85.980","85.980","","-0.10%"
"02/03/2022","85.790","85.975","85.990","85.895","0.01K","-0.01%"
"02/02/2022","85.800","85.975","86.000","85.900","0.01K","-0.17%"
"02/01/2022","85.950","85.975","85.975","85.975","","0.17%"
"01/31/2022","85.800","85.975","86.000","85.900","0.01K","-0.07%"
"01/27/2022","85.860","85.975","85.980","85.930","0.01K","0.00%"
"01/26/2022","85.860","85.975","85.985","85.930","0.01K","0.00%"
"01/25/2022","85.860","85.975","85.995","85.930","0.01K","0.07%"
"01/24/2022","85.800","85.975","86.000","85.900","0.01K","-0.07%"
"01/20/2022","85.860","85.975","85.985","85.930","0.01K","0.00%"
"01/19/2022","85.860","85.975","85.980","85.930","0.01K","0.14%"
"01/18/2022","85.740","85.975","85.990","85.870","0.01K","-0.24%"
"01/17/2022","85.950","85.975","85.975","85.975","","0.16%"
"01/13/2022","85.810","85.975","85.985","85.905","0.01K","-0.06%"
"01/12/2022","85.860","85.975","85.985","85.900","0.01K","0.07%"
"01/11/2022","85.800","85.975","85.985","85.900","0.01K","0.00%"
"01/10/2022","85.800","85.975","85.990","85.845","0.01K","0.13%"
"01/07/2022","85.690","85.935","85.945","85.850","0.00K","-0.20%"
"01/06/2022","85.860","85.775","85.980","85.775","0.01K","0.34%"
"01/05/2022","85.570","85.795","85.810","85.685","0.01K","-0.15%"
"01/04/2022","85.700","85.775","85.805","85.750","0.01K","0.09%"
"01/03/2022","85.620","85.775","85.820","85.710","0.01K","0.00%"
"12/30/2021","85.620","85.775","85.810","85.710","0.01K","0.00%"
"12/29/2021","85.620","85.775","85.810","85.710","0.01K","-0.09%"
"12/28/2021","85.700","85.795","85.825","85.750","0.01K","0.00%"
"12/27/2021","85.700","85.775","85.825","85.750","0.01K","0.15%"
"12/24/2021","85.570","85.700","85.700","85.700","","-0.06%"
"12/23/2021","85.620","85.720","85.805","85.710","0.01K","-0.09%"
"12/22/2021","85.700","85.795","85.810","85.710","0.01K","0.09%"
"12/21/2021","85.620","85.775","85.810","85.710","0.01K","-0.09%"
"12/20/2021","85.700","85.795","85.835","85.750","0.00K","0.39%"
"12/17/2021","85.370","85.810","85.815","85.780","0.00K","-0.18%"
"12/16/2021","85.520","85.860","85.885","85.815","0.00K","-0.21%"
"12/15/2021","85.700","85.775","85.805","85.750","0.01K","0.16%"
"12/14/2021","85.560","85.795","85.925","85.680","0.01K","-0.06%"
"12/13/2021","85.610","85.775","85.925","85.650","0.01K","0.13%"
"12/10/2021","85.500","85.725","85.810","85.680","0.00K","-0.19%"
"12/09/2021","85.660","85.795","85.825","85.730","0.01K","0.11%"
"12/08/2021","85.570","85.715","85.925","85.685","0.01K","-0.11%"
"12/07/2021","85.660","85.795","85.925","85.705","0.01K","0.06%"
"12/06/2021","85.610","85.795","85.925","85.705","0.01K","0.20%"
"12/03/2021","85.440","85.755","85.905","85.625","0.00K","-0.21%"
"12/02/2021","85.620","85.775","85.925","85.710","0.01K","0.01%"
"12/01/2021","85.610","85.795","85.925","85.705","0.01K","0.00%"
"11/30/2021","85.610","85.775","85.925","85.705","0.01K","-0.01%"
"11/29/2021","85.620","85.795","86.400","85.710","0.01K","-0.02%"
"11/26/2021","85.640","85.715","86.305","85.715","0.00K","-0.17%"
"11/25/2021","85.790","85.975","85.975","85.775","0.00K","0.11%"
"11/24/2021","85.700","85.925","85.925","85.750","0.01K","0.12%"
"11/23/2021","85.600","85.795","85.975","85.700","0.01K","-0.01%"
"11/22/2021","85.610","85.775","85.925","85.705","0.01K","-0.63%"
"11/19/2021","86.155","86.140","86.155","86.140","0.00K","0.68%"
"11/18/2021","85.570","85.775","85.925","85.685","0.01K","0.01%"
"11/17/2021","85.560","85.795","85.830","85.680","0.01K","-0.16%"
"11/16/2021","85.700","85.775","85.830","85.750","0.01K","-0.10%"
"11/15/2021","85.790","85.775","85.795","85.775","0.01K","0.26%"
"11/12/2021","85.570","85.735","85.985","85.690","0.01K","-0.21%"
"11/11/2021","85.750","85.825","85.825","85.775","0.00K","0.11%"
"11/10/2021","85.660","85.745","85.800","85.705","0.01K","0.12%"
"11/09/2021","85.560","85.745","85.825","85.655","0.01K","-0.04%"
"11/08/2021","85.590","85.725","85.950","85.545","0.01K","0.23%"
"11/05/2021","85.390","85.775","85.790","85.730","0.00K","-0.21%"
"11/04/2021","85.570","85.775","85.810","85.615","0.01K","0.05%"
"11/03/2021","85.530","85.925","85.925","85.615","0.01K","-0.08%"
"11/02/2021","85.600","85.675","85.740","85.585","0.01K","0.15%"
"11/01/2021","85.470","85.675","85.735","85.585","0.01K","0.07%"
"10/29/2021","85.410","85.660","85.810","85.585","","-0.18%"
"10/28/2021","85.560","85.925","85.925","85.580","0.01K","0.06%"
"10/27/2021","85.510","85.645","85.925","85.570","0.01K","-0.05%"
"10/26/2021","85.550","85.625","85.925","85.600","0.01K","0.08%"
"10/25/2021","85.480","85.625","85.925","85.565","0.01K","0.26%"
"10/22/2021","85.260","85.690","85.770","85.515","0.00K","-0.27%"
"10/21/2021","85.490","85.645","85.890","85.430","0.01K","0.27%"
"10/20/2021","85.260","85.675","85.675","85.665","0.00K","-0.11%"
"10/19/2021","85.350","85.615","85.720","85.485","0.02K","-0.12%"
"10/18/2021","85.450","85.645","85.710","85.550","0.01K","0.45%"
"10/15/2021","85.070","85.640","85.655","85.585","0.00K","-0.33%"
"10/14/2021","85.350","85.625","85.825","85.495","0.01K","0.01%"
"10/13/2021","85.340","85.925","85.950","85.495","0.01K","0.12%"
"10/12/2021","85.240","85.775","85.850","85.400","0.02K","-0.36%"
"10/11/2021","85.550","85.625","85.625","85.575","0.01K","0.41%"
"10/08/2021","85.200","85.565","85.565","85.565","","-0.20%"
"10/07/2021","85.370","85.875","85.950","85.485","0.01K","-0.11%"
"10/06/2021","85.460","85.760","85.965","85.475","0.01K","-0.08%"
"10/05/2021","85.530","85.640","85.825","85.475","0.01K","0.34%"
"10/04/2021","85.240","85.475","85.660","85.370","0.01K","-0.02%"
"10/01/2021","85.260","85.725","85.765","85.640","0.00K","-0.40%"
"09/30/2021","85.600","85.475","85.660","85.465","0.01K","0.36%"
"09/29/2021","85.290","85.650","85.695","85.295","0.01K","0.24%"
"09/28/2021","85.090","85.545","85.680","85.245","0.02K","0.40%"
"09/27/2021","84.750","85.460","85.575","84.980","0.01K","0.17%"
"09/24/2021","84.610","85.160","85.170","85.095","0.00K","-0.35%"
"09/23/2021","84.910","85.275","85.490","85.105","0.01K","-0.32%"
"09/22/2021","85.180","85.275","85.395","85.240","0.01K","0.24%"
"09/21/2021","84.980","85.275","85.395","85.140","0.02K","0.41%"
"09/20/2021","84.630","85.310","85.345","84.940","0.01K","-0.13%"
"09/17/2021","84.740","85.275","85.300","85.105","0.00K","-0.60%"
"09/16/2021","85.250","85.175","85.315","85.140","0.01K","0.60%"
"09/15/2021","84.740","85.225","85.315","84.970","0.01K","-0.54%"
"09/14/2021","85.200","85.175","85.240","85.115","0.01K","0.26%"
"09/13/2021","84.980","85.200","85.235","85.090","0.01K","0.58%"
"09/10/2021","84.490","85.025","85.035","84.950","0.00K","-0.38%"
"09/09/2021","84.810","85.175","85.220","85.005","0.01K","0.00%"
"09/08/2021","84.810","85.175","85.245","85.005","0.01K","0.32%"
"09/07/2021","84.540","85.175","85.270","84.870","0.01K","-0.72%"
"09/06/2021","85.150","85.175","85.225","85.175","0.01K","0.20%"
"09/02/2021","84.980","85.175","85.235","85.090","0.01K","0.40%"
"09/01/2021","84.640","85.150","85.240","84.920","0.01K","-0.46%"
"08/31/2021","85.030","85.350","85.350","85.140","0.01K","0.40%"
"08/30/2021","84.690","85.250","85.270","85.080","0.00K","-0.26%"
"08/27/2021","84.910","85.275","85.285","85.190","0.00K","-0.40%"
"08/26/2021","85.250","85.150","85.360","85.140","0.02K","0.54%"
"08/25/2021","84.790","85.125","85.405","84.970","0.01K","0.06%"
"08/24/2021","84.740","85.225","85.355","84.945","0.01K","-0.08%"
"08/23/2021","84.810","85.075","85.270","84.955","0.01K","0.39%"
"08/20/2021","84.480","85.085","85.105","84.970","0.00K","-0.47%"
"08/19/2021","84.880","84.900","85.185","84.765","0.01K","0.35%"
"08/18/2021","84.580","84.940","85.055","84.770","0.01K","0.00%"
"08/17/2021","84.580","84.870","85.120","84.630","0.01K","0.26%"
"08/16/2021","84.360","84.820","85.080","84.460","0.02K","0.33%"
"08/13/2021","84.080","84.660","84.660","84.610","0.00K","-0.20%"
"08/12/2021","84.250","84.820","84.965","84.545","0.01K","-0.09%"
"08/11/2021","84.330","84.830","84.950","84.585","0.01K","-0.17%"
"08/10/2021","84.470","84.820","84.960","84.650","0.01K","-0.01%"
"08/09/2021","84.480","84.820","84.985","84.510","0.01K","0.37%"
"08/06/2021","84.170","84.670","84.670","84.670","","-0.05%"
"08/05/2021","84.210","84.820","84.980","84.510","0.01K","-0.71%"
"08/03/2021","84.810","84.805","84.820","84.805","0.01K","0.01%"
"08/02/2021","84.800","84.810","84.810","84.795","0.01K","0.65%"
"07/30/2021","84.250","84.875","84.885","84.805","0.00K","-0.25%"
"07/29/2021","84.460","84.805","85.070","84.615","0.01K","0.05%"
"07/28/2021","84.420","84.805","85.040","84.475","0.01K","-0.45%"
"07/27/2021","84.800","84.805","84.805","84.805","","0.00%"
"07/26/2021","84.800","84.805","84.805","84.805","","0.78%"
"07/23/2021","84.140","84.825","84.855","84.670","0.00K","-0.57%"
"07/22/2021","84.620","84.885","84.885","84.885","","-0.20%"
"07/19/2021","84.790","84.805","84.805","84.795","0.01K","-0.01%"
"07/15/2021","84.800","84.805","84.805","84.805","","0.00%"
"07/14/2021","84.800","84.805","84.805","84.805","","0.00%"
"07/13/2021","84.800","84.805","84.805","84.805","","0.34%"
"07/12/2021","84.510","84.805","84.850","84.660","0.01K","0.46%"
"07/09/2021","84.120","84.785","84.805","84.615","0.00K","-0.60%"
"07/08/2021","84.630","84.805","84.840","84.720","0.01K","0.00%"
"07/07/2021","84.630","84.805","84.835","84.720","0.01K","0.25%"
"07/06/2021","84.420","84.805","84.860","84.615","0.01K","-0.25%"
"07/05/2021","84.630","84.850","84.850","84.720","0.01K","0.34%"
"07/02/2021","84.340","84.825","84.825","84.825","","-0.07%"
"07/01/2021","84.400","84.755","84.930","84.670","0.00K","-0.20%"
"06/30/2021","84.570","84.730","84.870","84.665","0.01K","-0.07%"
"06/29/2021","84.630","84.805","84.860","84.720","0.01K","0.23%"
"06/28/2021","84.440","84.805","84.890","84.620","0.01K","0.29%"
"06/25/2021","84.200","84.725","84.725","84.640","0.00K","-0.37%"
"06/24/2021","84.510","84.805","84.895","84.655","0.01K","0.18%"
"06/23/2021","84.360","84.795","84.875","84.580","0.01K","-0.04%"
"06/22/2021","84.390","84.795","84.860","84.595","0.01K","-0.14%"
"06/21/2021","84.510","84.795","84.845","84.655","0.01K","0.07%"
"06/18/2021","84.450","84.780","84.780","84.780","","-0.20%"
"06/17/2021","84.620","84.805","84.840","84.710","0.01K","-0.01%"
"06/16/2021","84.630","84.795","84.835","84.715","0.01K","0.01%"
"06/15/2021","84.620","84.795","84.835","84.710","0.01K","0.27%"
"06/14/2021","84.390","84.805","85.030","84.570","0.01K","0.06%"
"06/11/2021","84.340","84.710","84.945","84.625","0.00K","-0.54%"
"06/10/2021","84.800","84.795","84.805","84.795","0.01K","0.34%"
"06/09/2021","84.510","84.805","84.855","84.625","0.01K","0.07%"
"06/08/2021","84.450","84.795","84.855","84.540","0.01K","0.20%"
"06/07/2021","84.280","84.795","84.925","84.405","0.01K","0.32%"
"06/04/2021","84.010","84.620","84.640","84.515","0.00K","-0.45%"
"06/03/2021","84.390","84.795","84.860","84.595","0.01K","-0.27%"
"06/02/2021","84.620","84.795","84.835","84.710","0.00K","0.26%"
"06/01/2021","84.400","84.795","84.845","84.600","0.01K","-0.17%"
"05/31/2021","84.540","84.795","84.860","84.670","0.01K","0.31%"
"05/28/2021","84.280","84.775","84.785","84.690","0.00K","-0.40%"
"05/27/2021","84.620","84.795","84.830","84.710","0.01K","0.46%"
"05/26/2021","84.230","84.700","84.895","84.560","0.00K","-0.33%"
"05/25/2021","84.510","84.795","84.865","84.595","0.01K","0.14%"
"05/24/2021","84.390","84.795","85.005","84.535","0.01K","0.14%"
"05/21/2021","84.270","84.810","84.835","84.720","0.01K","-0.41%"
"05/20/2021","84.620","84.795","84.900","84.710","0.01K","0.00%"
"05/19/2021","84.620","84.795","84.840","84.655","0.01K","0.13%"
"05/18/2021","84.510","84.795","84.840","84.655","0.01K","0.00%"
"05/17/2021","84.510","84.795","84.845","84.655","0.01K","0.54%"
"05/14/2021","84.060","84.790","84.790","84.605","0.01K","-0.46%"
"05/13/2021","84.450","84.780","84.785","84.780","0.00K","-0.20%"
"05/12/2021","84.620","84.795","84.835","84.710","0.00K","0.27%"
"05/11/2021","84.390","84.795","84.850","84.595","0.01K","-0.07%"
"05/10/2021","84.450","84.885","84.910","84.800","0.00K","0.20%"
"05/07/2021","84.280","84.745","84.870","84.575","0.00K","-0.40%"
"05/06/2021","84.620","84.795","84.940","84.545","0.01K","0.39%"
"05/05/2021","84.290","84.795","84.940","84.545","0.01K","-0.39%"
"05/04/2021","84.620","84.795","84.835","84.710","0.01K","0.00%"
"05/03/2021","84.620","84.795","84.965","84.540","0.01K","0.40%"
"04/30/2021","84.280","84.745","84.880","84.575","0.00K","-0.40%"
"04/29/2021","84.620","84.795","84.830","84.710","0.01K","0.00%"
"04/28/2021","84.620","84.795","84.835","84.710","0.01K","0.00%"
"04/27/2021","84.620","84.795","84.830","84.710","0.01K","0.00%"
"04/26/2021","84.620","84.795","84.835","84.710","0.01K","0.53%"
"04/23/2021","84.170","84.700","84.800","84.530","0.00K","-0.40%"
"04/22/2021","84.510","84.795","84.840","84.655","0.01K","0.14%"
"04/21/2021","84.390","84.795","84.850","84.595","0.01K","-0.14%"
"04/20/2021","84.510","84.795","84.840","84.655","0.01K","0.00%"
"04/19/2021","84.510","84.795","84.840","84.655","0.01K","0.27%"
"04/16/2021","84.280","84.745","84.875","84.575","0.00K","-0.40%"
"04/15/2021","84.620","84.795","84.830","84.710","0.01K","0.00%"
"04/13/2021","84.620","84.795","84.835","84.710","0.01K","0.32%"
"04/12/2021","84.350","84.795","85.000","84.480","0.01K","0.23%"
"04/09/2021","84.160","84.755","84.755","84.675","0.00K","-0.32%"
"04/08/2021","84.430","84.795","84.850","84.615","0.01K","-0.22%"
"04/07/2021","84.620","84.800","84.835","84.710","0.00K","0.00%"
"04/06/2021","84.620","84.795","84.830","84.710","0.01K","0.27%"
"04/05/2021","84.390","84.795","84.915","84.500","0.01K","0.23%"
"04/02/2021","84.200","84.710","84.745","84.585","0.00K","-0.40%"
"04/01/2021","84.540","84.795","84.920","84.585","0.01K","0.20%"
"03/31/2021","84.370","84.795","84.920","84.585","0.01K","-0.09%"
"03/30/2021","84.450","84.775","84.790","84.775","0.00K","-0.20%"
"03/29/2021","84.620","84.795","84.830","84.710","0.00K","0.70%"
"03/26/2021","84.030","84.655","84.675","84.530","0.00K","-0.50%"
"03/25/2021","84.450","84.795","84.840","84.625","0.01K","-0.13%"
"03/24/2021","84.560","84.795","84.840","84.680","0.01K","0.23%"
"03/23/2021","84.370","84.805","84.905","84.585","0.02K","-0.02%"
"03/22/2021","84.390","84.795","84.860","84.595","0.01K","0.30%"
"03/19/2021","84.140","84.675","84.820","84.520","0.01K","-0.05%"
"03/18/2021","84.180","84.795","84.950","84.490","0.01K","-0.72%"
"03/16/2021","84.790","84.795","84.795","84.795","","0.40%"
"03/15/2021","84.450","84.795","84.845","84.625","0.01K","-0.18%"
"03/12/2021","84.600","84.715","84.885","84.430","0.01K","0.07%"
"03/11/2021","84.540","84.805","84.845","84.670","0.01K","0.00%"
"03/10/2021","84.540","84.805","84.860","84.670","0.01K","-0.06%"
"03/09/2021","84.590","84.795","84.865","84.695","0.01K","0.00%"
"03/08/2021","84.590","84.805","84.975","84.695","0.01K","-0.04%"
"03/05/2021","84.620","84.665","84.885","84.665","0.00K","-0.20%"
"03/04/2021","84.790","84.805","84.805","84.795","0.01K","0.40%"
"03/03/2021","84.450","84.805","84.850","84.625","0.01K","0.00%"
"03/02/2021","84.450","84.805","84.895","84.625","0.01K","0.46%"
"03/01/2021","84.060","84.805","84.975","84.430","0.01K","-0.66%"
"02/26/2021","84.620","84.885","84.885","84.885","","-0.20%"
"02/25/2021","84.790","84.795","84.805","84.795","0.00K","0.20%"
"02/24/2021","84.620","84.805","84.830","84.710","0.01K","0.30%"
"02/23/2021","84.370","84.805","84.870","84.485","0.01K","0.24%"
"02/22/2021","84.170","84.795","84.910","84.485","0.01K","-0.12%"
"02/19/2021","84.270","84.665","84.730","84.580","0.00K","-0.20%"
"02/18/2021","84.440","84.795","84.840","84.620","0.01K","-0.14%"
"02/17/2021","84.560","84.795","84.840","84.680","0.01K","0.54%"
"02/16/2021","84.110","84.805","84.865","84.455","0.01K","-0.61%"
"02/15/2021","84.630","84.795","84.905","84.510","0.01K","0.49%"
"02/12/2021","84.220","84.685","84.700","84.600","0.00K","-0.38%"
"02/11/2021","84.540","84.795","84.875","84.585","0.01K","-0.29%"
"02/10/2021","84.790","84.805","84.805","84.795","0.01K","0.50%"
"02/09/2021","84.370","84.805","84.875","84.585","0.01K","-0.08%"
"02/08/2021","84.440","84.795","84.970","84.415","0.01K","0.49%"
"02/05/2021","84.030","84.725","84.840","84.470","0.01K","-0.60%"
"02/04/2021","84.540","84.805","84.855","84.670","0.01K","0.31%"
"02/03/2021","84.280","84.805","84.915","84.540","0.01K","-0.20%"
"02/02/2021","84.450","84.805","85.055","84.585","0.01K","-0.40%"
"02/01/2021","84.790","84.805","84.805","84.795","0.01K","0.50%"
"01/29/2021","84.370","84.830","84.840","84.830","0.00K","-0.20%"
"01/28/2021","84.540","84.805","84.855","84.670","0.01K","-0.05%"
"01/27/2021","84.580","84.805","84.835","84.690","0.01K","0.53%"
"01/26/2021","84.130","84.805","84.855","84.465","0.01K","-0.19%"
"01/25/2021","84.290","84.805","84.885","84.545","0.01K","0.17%"
"01/22/2021","84.150","84.695","84.900","84.625","0.01K","-0.75%"
"01/21/2021","84.790","84.805","84.805","84.795","0.01K","0.59%"
"01/20/2021","84.290","84.795","84.950","84.545","0.01K","0.01%"
"01/19/2021","84.280","84.805","84.955","84.540","0.01K","-0.61%"
"01/18/2021","84.800","84.795","84.805","84.795","0.01K","0.62%"
"01/14/2021","84.280","84.805","84.965","84.540","0.01K","0.15%"
"01/13/2021","84.150","84.795","84.990","84.475","0.02K","-0.17%"
"01/12/2021","84.290","84.795","84.940","84.545","0.01K","0.01%"
"01/11/2021","84.280","84.795","84.955","84.455","0.01K","-0.06%"
"01/08/2021","84.330","84.765","84.765","84.765","","0.00%"
"01/07/2021","84.330","84.805","84.990","84.540","0.02K","-0.54%"
"01/06/2021","84.790","84.795","84.805","84.795","0.00K","0.59%"
"01/05/2021","84.290","84.805","84.935","84.525","0.01K","0.05%"
"01/04/2021","84.250","84.805","84.935","84.480","0.01K","-0.96%"
"01/01/2021","85.069","85.069","85.069","85.069","","0.95%"
"12/31/2020","84.270","84.575","84.620","84.470","0.01K","-0.21%"
"12/30/2020","84.450","84.805","84.885","84.625","0.01K","-0.01%"
"12/29/2020","84.460","84.795","84.885","84.630","0.01K","-0.04%"
"12/28/2020","84.490","84.805","84.950","84.625","0.01K","-0.02%"
"12/24/2020","84.510","84.805","84.955","84.655","0.01K","0.07%"
"12/23/2020","84.450","84.795","84.950","84.585","0.01K","0.09%"
"12/22/2020","84.370","84.795","84.940","84.585","0.01K","0.06%"
"12/21/2020","84.320","84.795","84.955","84.540","0.01K","0.17%"
"12/18/2020","84.180","84.835","84.865","84.610","0.00K","-0.53%"
"12/17/2020","84.630","84.805","84.920","84.715","0.01K","0.24%"
"12/16/2020","84.430","84.815","84.825","84.760","0.00K","-0.13%"
"12/15/2020","84.540","84.795","84.935","84.595","0.01K","0.18%"
"12/14/2020","84.390","84.795","84.925","84.540","0.01K","-0.13%"
"12/11/2020","84.500","84.715","84.765","84.550","0.01K","0.06%"
"12/10/2020","84.450","84.790","84.925","84.600","0.01K","-0.01%"
"12/09/2020","84.460","84.795","84.915","84.600","0.01K","0.07%"
"12/08/2020","84.400","84.795","84.920","84.600","0.01K","-0.06%"
"12/07/2020","84.450","84.805","85.045","84.490","0.01K","0.32%"
"12/04/2020","84.180","84.790","84.900","84.650","0.01K","-0.25%"
"12/03/2020","84.390","84.805","84.995","84.485","0.01K","0.04%"
"12/02/2020","84.360","84.805","84.985","84.540","0.01K","0.00%"
"12/01/2020","84.360","84.805","84.975","84.580","0.02K","-0.12%"
"11/30/2020","84.460","84.795","84.980","84.630","0.01K","0.01%"
"11/27/2020","84.450","84.725","84.735","84.640","0.00K","-0.40%"
"11/26/2020","84.790","84.795","84.805","84.795","0.01K","0.39%"
"11/25/2020","84.460","84.805","84.835","84.630","0.01K","0.01%"
"11/24/2020","84.450","84.805","84.840","84.625","0.01K","0.05%"
"11/23/2020","84.410","84.795","85.015","84.350","0.01K","-0.18%"
"11/20/2020","84.565","84.695","84.730","84.530","0.00K","0.28%"
"11/19/2020","84.330","84.805","85.005","84.460","0.01K","0.05%"
"11/18/2020","84.290","84.795","85.005","84.435","0.01K","0.11%"
"11/17/2020","84.200","84.805","84.950","84.500","0.01K","-0.30%"
"11/16/2020","84.450","84.795","85.060","84.605","0.01K","0.05%"
"11/13/2020","84.410","84.915","84.915","84.865","0.00K","0.05%"
"11/12/2020","84.370","84.795","85.050","84.575","0.01K","-0.04%"
"11/11/2020","84.400","84.795","85.000","84.505","0.01K","0.01%"
"11/10/2020","84.390","84.795","84.950","84.540","0.01K","-0.05%"
"11/09/2020","84.430","84.805","84.935","84.600","0.01K","0.07%"
"11/06/2020","84.370","84.795","84.805","84.720","0.00K","-0.07%"
"11/05/2020","84.430","84.800","84.930","84.615","0.01K","0.25%"
"11/04/2020","84.220","84.795","84.965","84.485","0.01K","-0.67%"
"11/03/2020","84.790","84.805","84.805","84.795","0.01K","0.74%"
"11/02/2020","84.170","84.795","85.020","84.485","0.01K","-0.14%"
"10/30/2020","84.290","84.875","84.895","84.745","0.00K","-0.33%"
"10/29/2020","84.570","84.795","84.990","84.685","0.01K","0.50%"
"10/28/2020","84.150","84.795","84.990","84.460","0.01K","-0.37%"
"10/27/2020","84.460","84.795","84.855","84.630","0.01K","-0.20%"
"10/26/2020","84.630","84.725","84.745","84.725","0.00K","0.00%"
"10/23/2020","84.630","84.830","84.860","84.830","0.00K","0.00%"
"10/22/2020","84.630","84.795","84.905","84.715","0.02K","0.00%"
"10/21/2020","84.630","84.805","85.015","84.715","0.02K","0.00%"
"10/20/2020","84.630","84.805","85.015","84.715","0.02K","0.00%"
"10/19/2020","84.630","84.795","84.955","84.715","0.01K","0.00%"
"10/16/2020","84.630","84.810","84.830","84.810","0.00K","0.00%"
"10/15/2020","84.630","84.805","84.885","84.715","0.01K","0.00%"
"10/14/2020","84.630","84.795","84.895","84.715","0.01K","0.00%"
"10/13/2020","84.630","84.795","84.915","84.715","0.02K","-0.19%"
"10/12/2020","84.790","84.795","84.795","84.795","","0.19%"
"10/09/2020","84.630","84.750","84.790","84.750","0.01K","0.00%"
"10/08/2020","84.630","84.795","84.875","84.715","0.01K","0.00%"
"10/07/2020","84.630","84.795","84.895","84.715","0.01K","0.00%"
"10/06/2020","84.630","84.800","84.890","84.715","0.01K","0.00%"
"10/05/2020","84.630","84.795","84.870","84.715","0.01K","0.00%"
"10/02/2020","84.630","84.780","84.830","84.780","0.01K","0.00%"
"10/01/2020","84.630","84.795","84.860","84.715","0.01K","-0.19%"
"09/30/2020","84.790","84.805","84.810","84.795","0.01K","0.19%"
"09/29/2020","84.630","84.795","85.015","84.715","0.01K","0.00%"
"09/28/2020","84.630","84.795","85.015","84.715","0.08K","0.00%"
"09/25/2020","84.630","84.770","84.810","84.770","0.01K","0.00%"
"09/24/2020","84.630","84.795","84.845","84.715","0.01K","0.00%"
"09/23/2020","84.630","84.805","84.895","84.715","0.01K","0.00%"
"09/22/2020","84.630","84.795","84.865","84.715","0.01K","0.00%"
"09/21/2020","84.630","84.805","84.865","84.715","0.01K","0.00%"
"09/18/2020","84.630","84.790","84.790","84.750","0.01K","-0.20%"
"09/17/2020","84.800","84.805","84.805","84.795","0.00K","0.20%"
"09/16/2020","84.630","84.795","84.875","84.715","0.01K","0.00%"
"09/15/2020","84.630","84.795","84.955","84.715","0.01K","0.00%"
"09/14/2020","84.630","84.750","84.945","84.715","0.01K","0.00%"
"09/11/2020","84.630","84.810","84.880","84.810","0.01K","0.00%"
"09/10/2020","84.630","84.795","84.895","84.715","0.01K","0.00%"
"09/09/2020","84.630","84.810","84.905","84.715","0.02K","0.00%"
"09/08/2020","84.630","84.795","84.985","84.715","0.01K","-0.20%"
"09/07/2020","84.800","84.795","84.805","84.795","0.01K","0.20%"
"09/04/2020","84.630","84.860","84.900","84.750","0.01K","0.00%"
"09/03/2020","84.630","84.810","84.935","84.715","0.02K","0.00%"
"09/02/2020","84.630","84.795","84.875","84.715","0.01K","0.00%"
"09/01/2020","84.630","84.795","84.895","84.715","0.01K","0.00%"
"08/31/2020","84.630","84.795","84.965","84.715","0.02K","0.00%"
"08/28/2020","84.630","84.820","84.880","84.820","0.01K","0.00%"
"08/27/2020","84.630","84.795","84.900","84.715","0.01K","0.00%"
"08/26/2020","84.630","84.795","84.890","84.715","0.01K","0.00%"
"08/25/2020","84.630","84.790","84.965","84.715","0.01K","0.00%"
"08/24/2020","84.630","84.795","84.960","84.715","0.01K","0.00%"
"08/21/2020","84.630","84.770","84.810","84.770","0.01K","0.00%"
"08/20/2020","84.630","84.760","84.855","84.715","0.02K","0.00%"
"08/19/2020","84.630","84.795","84.860","84.715","0.01K","0.00%"
"08/18/2020","84.630","84.795","84.910","84.715","0.01K","0.00%"
"08/17/2020","84.630","84.900","84.940","84.715","0.01K","0.00%"
"08/13/2020","84.630","84.875","84.985","84.790","0.01K","0.00%"
"08/12/2020","84.630","84.875","84.905","84.790","0.01K","0.00%"
"08/11/2020","84.630","84.830","84.930","84.830","0.01K","0.00%"
"08/10/2020","84.630","84.835","84.915","84.755","0.01K","0.00%"
"08/07/2020","84.630","84.790","84.820","84.790","0.00K","0.00%"
"08/06/2020","84.630","84.795","84.885","84.715","0.01K","0.00%"
"08/05/2020","84.630","84.795","84.870","84.715","0.01K","0.00%"
"08/04/2020","84.630","84.795","84.830","84.715","0.01K","0.00%"
"08/03/2020","84.630","84.795","84.870","84.715","0.01K","0.00%"
"07/31/2020","84.630","84.780","84.820","84.780","0.01K","0.00%"
"07/30/2020","84.630","84.795","84.860","84.715","0.01K","0.00%"
"07/29/2020","84.630","84.790","84.880","84.715","0.01K","0.00%"
"07/28/2020","84.630","84.795","84.870","84.715","0.01K","0.00%"
"07/27/2020","84.630","84.795","84.840","84.715","0.01K","0.00%"
"07/24/2020","84.630","84.800","84.850","84.800","0.01K","0.00%"
"07/23/2020","84.630","84.760","84.880","84.715","0.01K","0.00%"
"07/22/2020","84.630","84.795","84.840","84.715","0.01K","0.00%"
"07/21/2020","84.630","84.795","84.850","84.715","0.01K","0.00%"
"07/20/2020","84.630","84.795","84.880","84.715","0.01K","0.00%"
"07/17/2020","84.630","84.780","84.780","84.780","","0.00%"
"07/16/2020","84.630","84.795","84.850","84.715","0.01K","0.00%"
"07/15/2020","84.630","84.795","84.840","84.715","0.01K","0.00%"
"07/14/2020","84.630","84.795","84.860","84.715","0.01K","0.00%"
"07/13/2020","84.630","84.795","84.840","84.715","0.01K","-0.12%"
"07/10/2020","84.730","84.920","84.950","84.920","0.00K","0.00%"
"07/09/2020","84.730","84.805","84.945","84.765","0.01K","0.00%"
"07/08/2020","84.730","84.795","84.905","84.765","0.01K","-0.07%"
"07/07/2020","84.790","84.900","84.965","84.765","0.01K","0.07%"
"07/06/2020","84.730","84.795","84.950","84.765","0.01K","-0.13%"
"07/02/2020","84.840","84.845","84.925","84.845","0.00K","0.13%"
"06/30/2020","84.730","84.845","84.980","84.790","0.01K","0.00%"
"06/29/2020","84.730","84.845","84.965","84.790","0.01K","0.00%"
"06/26/2020","84.730","84.890","84.910","84.890","0.00K","0.00%"
"06/25/2020","84.730","84.825","84.925","84.790","0.01K","0.00%"
"06/24/2020","84.730","84.825","84.970","84.790","0.01K","0.00%"
"06/23/2020","84.730","84.875","85.040","84.790","0.02K","0.00%"
"06/22/2020","84.730","84.925","85.065","84.815","0.02K","0.00%"
"06/19/2020","84.730","84.900","84.940","84.900","0.01K","0.00%"
"06/18/2020","84.730","84.945","85.045","84.815","0.01K","0.00%"
"06/17/2020","84.730","84.945","85.045","84.840","0.02K","0.00%"
"06/16/2020","84.730","84.945","85.025","84.840","0.01K","0.00%"
"06/15/2020","84.730","84.945","85.045","84.840","0.02K","-0.25%"
"06/11/2020","84.940","84.945","85.025","84.840","0.01K","0.25%"
"06/10/2020","84.730","84.945","84.995","84.840","0.01K","0.00%"
"06/09/2020","84.730","84.945","85.055","84.840","0.02K","0.00%"
"06/08/2020","84.730","84.945","85.115","84.840","0.02K","0.00%"
"06/05/2020","84.730","84.960","85.070","84.910","0.01K","0.00%"
"06/04/2020","84.730","84.920","85.055","84.840","0.02K","0.00%"
"06/03/2020","84.730","84.945","85.025","84.840","0.02K","-0.06%"
"06/02/2020","84.780","84.945","84.985","84.865","0.01K","0.06%"
"06/01/2020","84.730","84.945","84.995","84.840","0.01K","0.00%"
"05/29/2020","84.730","84.860","84.970","84.860","0.01K","0.00%"
"05/28/2020","84.730","84.945","85.025","84.840","0.01K","-0.06%"
"05/27/2020","84.780","84.945","85.355","84.840","0.02K","0.06%"
"05/26/2020","84.730","85.170","85.290","85.170","0.02K","0.00%"
"05/22/2020","84.730","85.060","85.170","85.060","0.01K","0.00%"
"05/21/2020","84.730","84.960","85.060","84.960","0.01K","0.00%"
"05/20/2020","84.730","84.945","85.055","84.840","0.02K","0.00%"
"05/19/2020","84.730","84.945","85.125","84.840","0.01K","-0.25%"
"05/18/2020","84.940","84.945","84.945","84.945","","0.25%"
"05/15/2020","84.730","84.950","85.020","84.870","0.01K","0.00%"
"05/14/2020","84.730","84.945","85.045","84.840","0.02K","0.00%"
"05/13/2020","84.730","84.945","85.015","84.840","0.02K","0.00%"
"05/12/2020","84.730","84.945","85.445","84.840","0.02K","0.00%"
"05/11/2020","84.730","84.945","85.095","84.840","0.02K","-0.04%"
"05/08/2020","84.760","84.980","85.045","84.980","0.01K","0.00%"
"05/07/2020","84.760","85.040","85.155","84.840","0.02K","0.04%"
"05/06/2020","84.730","84.960","85.030","84.960","0.01K","0.00%"
"05/05/2020","84.730","84.945","85.055","84.495","0.02K","0.00%"
"05/04/2020","84.730","84.945","85.065","84.840","0.02K","-0.06%"
"05/01/2020","84.780","84.985","85.035","84.985","0.01K","0.00%"
"04/30/2020","84.780","84.945","85.095","84.840","0.02K","0.06%"
"04/29/2020","84.730","84.870","85.115","84.840","0.03K","0.00%"
"04/28/2020","84.730","84.945","84.975","84.840","0.01K","0.00%"
"04/27/2020","84.730","84.945","85.015","84.840","0.01K","-0.04%"
"04/24/2020","84.760","84.985","85.015","84.965","0.01K","0.00%"
"04/23/2020","84.760","84.945","85.065","84.855","0.02K","0.04%"
"04/22/2020","84.730","84.945","85.055","84.840","0.01K","0.00%"
"04/21/2020","84.730","84.945","85.025","84.840","0.01K","0.00%"
"04/20/2020","84.730","84.945","85.035","84.810","0.01K","0.00%"
"04/17/2020","84.730","84.900","84.970","84.870","0.01K","0.00%"
"04/16/2020","84.730","84.920","85.035","84.810","0.01K","0.00%"
"04/15/2020","84.730","84.945","85.035","84.800","0.01K","0.09%"
"04/14/2020","84.650","84.960","85.030","84.890","0.01K","0.00%"
"04/13/2020","84.650","84.945","85.095","84.800","0.01K","0.00%"
"04/09/2020","84.650","84.945","84.965","84.800","0.01K","0.00%"
"04/08/2020","84.650","84.945","85.035","84.800","0.01K","0.00%"
"04/07/2020","84.650","84.945","85.035","84.800","0.01K","0.00%"
"04/06/2020","84.650","84.945","85.035","84.800","0.01K","-0.02%"
"04/03/2020","84.670","84.900","84.920","84.870","0.01K","0.00%"
"04/02/2020","84.670","84.945","85.035","84.810","0.01K","0.00%"
"04/01/2020","84.670","84.945","85.035","84.810","0.01K","0.00%"
"03/31/2020","84.670","84.860","84.995","84.810","0.01K","0.00%"
"03/30/2020","84.670","84.945","84.985","84.810","0.01K","0.00%"
"03/27/2020","84.670","84.830","84.900","84.830","0.01K","0.00%"
"03/26/2020","84.670","84.850","84.920","84.820","0.01K","0.00%"
"03/25/2020","84.670","84.945","85.015","84.800","0.01K","0.02%"
"03/24/2020","84.650","84.945","84.975","84.800","0.01K","0.00%"
"03/23/2020","84.650","84.945","85.105","84.800","0.02K","0.00%"
"03/20/2020","84.650","84.840","84.850","84.840","0.00K","0.00%"
"03/19/2020","84.650","84.820","84.975","84.800","0.01K","-0.05%"
"03/18/2020","84.690","84.945","85.105","84.800","0.01K","0.05%"
"03/17/2020","84.650","84.900","84.960","84.850","0.01K","0.00%"
"03/16/2020","84.650","84.945","85.035","84.800","0.02K","0.00%"
"03/13/2020","84.650","84.820","84.880","84.820","0.01K","-0.05%"
"03/12/2020","84.690","84.945","84.955","84.820","0.01K","-0.29%"
"03/11/2020","84.940","84.945","85.035","84.800","0.01K","0.00%"
"03/10/2020","84.940","84.945","84.955","84.820","0.01K","0.34%"
"03/09/2020","84.650","84.925","85.065","84.800","0.02K","0.00%"
"03/06/2020","84.650","84.890","85.150","84.890","0.02K","0.00%"
"03/05/2020","84.650","84.945","85.085","84.800","0.01K","0.00%"
"03/04/2020","84.650","84.945","85.035","84.800","0.02K","0.00%"
"03/03/2020","84.650","84.945","85.015","84.800","0.01K","0.00%"
"03/02/2020","84.650","84.945","85.085","84.800","0.02K","0.00%"
"02/28/2020","84.650","84.850","84.940","84.850","0.01K","0.00%"
"02/27/2020","84.650","84.945","84.985","84.800","0.01K","-0.06%"
"02/26/2020","84.700","84.945","85.015","84.825","0.01K","0.06%"
"02/25/2020","84.650","84.945","85.005","84.800","0.01K","0.00%"
"02/24/2020","84.650","84.830","85.195","84.775","0.02K","0.00%"
"02/21/2020","84.650","84.830","85.040","84.830","0.01K","0.00%"
"02/20/2020","84.650","84.945","85.085","84.800","0.02K","0.00%"
"02/19/2020","84.650","84.945","85.055","84.800","0.02K","0.00%"
"02/18/2020","84.650","84.945","85.025","84.775","0.02K","-0.34%"
"02/17/2020","84.940","84.945","84.945","84.945","","0.34%"
"02/14/2020","84.650","84.830","84.910","84.830","0.00K","0.00%"
"02/13/2020","84.650","84.945","85.035","84.800","0.01K","0.00%"
"02/12/2020","84.650","84.945","84.995","84.800","0.01K","0.00%"
"02/11/2020","84.650","84.945","85.025","84.775","0.01K","0.00%"
"02/10/2020","84.650","84.945","85.045","84.800","0.02K","0.00%"
"02/07/2020","84.650","84.880","84.950","84.830","0.01K","0.00%"
"02/06/2020","84.650","84.945","85.015","84.800","0.01K","-0.06%"
"02/05/2020","84.700","84.945","85.055","84.775","0.02K","0.06%"
"02/04/2020","84.650","84.945","84.995","84.800","0.01K","0.06%"
"02/03/2020","84.600","84.895","85.075","84.750","0.02K","0.00%"
"01/31/2020","84.600","84.830","84.930","84.830","0.01K","0.00%"
"01/30/2020","84.600","84.895","84.965","84.750","0.01K","0.00%"
"01/29/2020","84.600","84.895","84.985","84.750","0.01K","0.00%"
"01/28/2020","84.600","84.895","84.955","84.750","0.01K","0.00%"
"01/27/2020","84.600","84.895","84.975","84.750","0.01K","0.00%"
"01/24/2020","84.600","84.850","84.890","84.830","0.01K","0.00%"
"01/23/2020","84.600","84.780","84.985","84.750","0.02K","0.00%"
"01/22/2020","84.600","84.895","84.975","84.750","0.02K","-0.34%"
"01/21/2020","84.890","84.895","84.895","84.895","","0.00%"
"01/20/2020","84.890","84.895","84.895","84.895","","0.11%"
"01/17/2020","84.800","84.800","84.800","84.800","","0.24%"
"01/16/2020","84.600","84.895","84.945","84.750","0.01K","0.00%"
"01/15/2020","84.600","84.895","84.975","84.750","0.02K","0.00%"
"01/14/2020","84.600","84.895","84.995","84.695","0.02K","-0.34%"
"01/13/2020","84.890","84.895","84.895","84.895","","0.34%"
"01/10/2020","84.600","84.820","84.990","84.820","0.02K","0.00%"
"01/09/2020","84.600","84.895","84.955","84.750","0.01K","0.00%"
"01/08/2020","84.600","84.895","84.985","84.750","0.02K","0.00%"
"01/07/2020","84.600","84.895","85.005","84.750","0.02K","0.00%"
"01/06/2020","84.600","84.895","84.955","84.750","0.01K","0.00%"
"01/03/2020","84.600","84.780","84.890","84.780","0.01K","0.00%"
"01/02/2020","84.600","84.895","84.925","84.750","0.01K","-0.34%"
"01/01/2020","84.890","84.895","84.895","84.895","","0.00%"
"12/31/2019","84.890","84.895","84.895","84.895","","0.00%"
"12/30/2019","84.890","84.895","84.895","84.895","","-0.05%"
"12/27/2019","84.930","84.930","84.930","84.930","","0.39%"
"12/26/2019","84.600","84.895","85.075","84.750","0.02K","-0.29%"
"12/25/2019","84.850","84.850","84.850","84.850","","0.30%"
"12/24/2019","84.600","84.895","84.995","84.750","0.02K","-0.02%"
"12/23/2019","84.620","84.890","84.995","84.760","0.02K","-0.32%"
"12/20/2019","84.895","84.895","84.895","84.895","","0.01%"
"12/19/2019","84.890","84.840","85.005","84.750","0.01K","0.34%"
"12/18/2019","84.600","84.895","84.975","84.750","0.01K","0.00%"
"12/17/2019","84.600","84.895","84.975","84.750","0.01K","0.00%"
"12/16/2019","84.600","84.780","84.840","84.760","0.01K","0.00%"
"12/13/2019","84.600","84.940","85.100","84.940","0.02K","0.00%"
"12/12/2019","84.600","84.895","85.075","84.750","0.02K","0.00%"
"12/11/2019","84.600","84.895","84.995","84.750","0.01K","0.00%"
"12/10/2019","84.600","84.895","84.985","84.750","0.01K","0.00%"
"12/09/2019","84.600","84.895","84.965","84.750","0.01K","0.00%"
"12/06/2019","84.600","84.810","84.870","84.810","0.01K","0.00%"
"12/05/2019","84.600","84.895","84.945","84.750","0.01K","0.00%"
"12/04/2019","84.600","84.895","84.995","84.750","0.02K","0.00%"
"12/03/2019","84.600","84.895","84.965","84.750","0.01K","-0.06%"
"12/02/2019","84.650","84.895","84.965","84.750","0.01K","-0.29%"
"11/29/2019","84.895","84.895","84.895","84.895","","0.01%"
"11/28/2019","84.890","84.895","84.895","84.895","","0.34%"
"11/27/2019","84.600","84.795","84.975","84.700","0.01K","0.00%"
"11/26/2019","84.600","84.840","84.935","84.700","0.01K","0.00%"
"11/25/2019","84.600","84.795","85.005","84.700","0.01K","0.00%"
"11/22/2019","84.600","84.820","84.910","84.820","0.01K","0.00%"
"11/21/2019","84.600","84.795","84.915","84.700","0.01K","0.00%"
"11/20/2019","84.600","84.795","84.975","84.700","0.02K","0.00%"
"11/19/2019","84.600","84.880","85.065","84.675","0.02K","0.00%"
"11/18/2019","84.600","84.795","84.965","84.700","0.02K","0.00%"
"11/15/2019","84.600","84.840","84.930","84.840","0.01K","0.00%"
"11/14/2019","84.600","84.745","84.905","84.675","0.02K","0.00%"
"11/13/2019","84.600","84.745","84.980","84.675","0.02K","0.00%"
"11/12/2019","84.600","84.745","84.980","84.675","0.01K","-0.17%"
"11/11/2019","84.740","84.745","84.745","84.745","","-0.01%"
"11/08/2019","84.745","84.745","84.745","84.745","","0.01%"
"11/07/2019","84.740","84.745","84.745","84.745","","0.00%"
"11/06/2019","84.740","84.745","84.745","84.745","","0.00%"
"11/05/2019","84.740","84.745","84.745","84.745","","0.17%"
"11/04/2019","84.600","84.745","85.030","84.625","0.01K","0.12%"
"11/01/2019","84.500","84.780","84.850","84.780","0.01K","0.00%"
"10/31/2019","84.500","84.745","84.890","84.625","0.02K","0.00%"
"10/30/2019","84.500","84.745","84.840","84.625","0.02K","0.00%"
"10/29/2019","84.500","84.745","84.950","84.495","0.02K","0.00%"
"10/28/2019","84.500","84.745","84.900","84.375","0.02K","0.00%"
"10/25/2019","84.500","84.520","84.830","84.520","0.01K","0.00%"
"10/24/2019","84.500","84.695","84.795","84.475","0.01K","0.00%"
"10/23/2019","84.500","84.695","84.855","84.475","0.02K","0.00%"
"10/22/2019","84.500","84.695","84.815","84.600","0.01K","0.00%"
"10/21/2019","84.500","84.695","84.835","84.475","0.01K","0.00%"
"10/18/2019","84.500","84.760","84.890","84.520","0.02K","0.00%"
"10/17/2019","84.500","84.695","84.845","84.475","0.02K","0.00%"
"10/16/2019","84.500","84.800","84.895","84.475","0.01K","0.00%"
"10/15/2019","84.500","84.695","84.885","84.475","0.02K","-0.22%"
"10/14/2019","84.690","84.695","84.695","84.695","","0.22%"
"10/11/2019","84.500","84.520","84.850","84.520","0.01K","0.00%"
"10/10/2019","84.500","84.695","84.835","84.600","0.02K","0.30%"
"10/09/2019","84.250","84.645","84.815","84.450","0.02K","0.00%"
"10/08/2019","84.250","84.570","84.660","84.570","0.01K","0.00%"
"10/07/2019","84.250","84.645","84.755","84.450","0.02K","0.00%"
"10/04/2019","84.250","84.560","84.660","84.560","0.01K","0.00%"
"10/03/2019","84.250","84.495","84.745","84.375","0.02K","0.00%"
"10/02/2019","84.250","84.495","84.640","84.375","0.02K","-0.28%"
"10/01/2019","84.490","84.495","84.495","84.495","","0.00%"
"09/30/2019","84.490","84.495","84.495","84.495","","-0.07%"
"09/27/2019","84.550","84.550","84.550","84.550","","0.36%"
"09/26/2019","84.250","84.495","84.670","84.375","0.02K","0.00%"
"09/25/2019","84.250","84.490","84.610","84.375","0.01K","0.00%"
"09/24/2019","84.250","84.495","84.600","84.375","0.01K","0.00%"
"09/23/2019","84.250","84.495","84.610","84.375","0.01K","0.00%"
"09/20/2019","84.250","84.460","84.540","84.460","0.01K","0.00%"
"09/19/2019","84.250","84.495","84.570","84.375","0.01K","0.00%"
"09/18/2019","84.250","84.610","84.730","84.375","0.02K","0.00%"
"09/17/2019","84.250","84.495","84.720","84.375","0.01K","0.00%"
"09/16/2019","84.250","84.495","84.650","84.375","0.02K","0.00%"
"09/13/2019","84.250","84.530","84.660","84.520","0.02K","0.00%"
"09/12/2019","84.250","84.495","84.640","84.375","0.02K","0.00%"
"09/11/2019","84.250","84.495","84.620","84.375","0.02K","0.00%"
"09/10/2019","84.250","84.655","84.745","84.655","0.01K","0.00%"
"09/09/2019","84.250","84.495","84.835","84.375","0.01K","-0.31%"
"09/06/2019","84.510","84.510","84.510","84.510","","0.31%"
"09/05/2019","84.250","84.495","84.775","84.375","0.02K","-0.28%"
"09/04/2019","84.490","84.495","84.515","84.370","0.01K","0.28%"
"09/03/2019","84.250","84.495","84.550","84.375","0.01K","-0.28%"
"09/02/2019","84.490","84.495","84.495","84.495","","-0.01%"
"08/30/2019","84.495","84.495","84.495","84.495","","0.01%"
"08/29/2019","84.490","84.495","84.775","84.375","0.01K","0.00%"
"08/28/2019","84.490","84.495","84.495","84.495","","0.00%"
"08/27/2019","84.490","84.495","84.495","84.495","","0.00%"
"08/26/2019","84.490","84.495","84.505","84.495","0.01K","0.28%"
"08/23/2019","84.250","84.655","84.655","84.410","0.00K","0.00%"
"08/22/2019","84.250","84.495","84.775","84.375","0.00K","0.00%"
"08/21/2019","84.250","84.495","84.775","84.375","0.01K","0.00%"
"08/20/2019","84.250","84.495","84.530","84.375","0.00K","0.00%"
"08/19/2019","84.250","84.495","84.775","84.375","0.01K","0.00%"
"08/16/2019","84.250","84.655","84.710","84.580","0.02K","0.00%"
"08/15/2019","84.250","84.490","84.570","84.490","0.01K","0.00%"
"08/14/2019","84.250","84.495","84.775","84.375","0.02K","0.00%"
"08/13/2019","84.250","84.455","84.655","84.455","0.01K","0.00%"
"08/12/2019","84.250","84.455","84.595","84.455","0.02K","0.00%"
"08/09/2019","84.250","84.455","84.525","84.425","0.01K","0.00%"
"08/08/2019","84.250","84.495","84.670","84.375","0.02K","0.00%"
"08/07/2019","84.250","84.495","84.670","84.375","0.03K","0.00%"
"08/06/2019","84.250","84.495","84.670","84.375","0.01K","0.00%"
"08/05/2019","84.250","84.495","84.670","84.120","0.02K","0.00%"
"08/02/2019","84.250","84.550","84.660","84.550","0.01K","0.00%"
"08/01/2019","84.250","84.495","84.680","84.375","0.02K","0.00%"
"07/31/2019","84.250","84.495","84.640","84.375","0.02K","0.10%"
"07/30/2019","84.170","84.495","84.595","84.335","0.02K","0.00%"
"07/29/2019","84.170","84.495","84.565","84.335","0.01K","-0.08%"
"07/26/2019","84.240","84.470","84.520","84.470","0.01K","0.00%"
"07/25/2019","84.240","84.495","84.585","84.370","0.02K","-0.01%"
"07/24/2019","84.250","84.495","84.590","84.375","0.01K","0.01%"
"07/23/2019","84.240","84.495","84.595","84.370","0.02K","-0.01%"
"07/22/2019","84.250","84.495","84.560","84.375","0.01K","0.00%"
"07/19/2019","84.250","84.510","84.650","84.425","0.01K","0.00%"
"07/18/2019","84.250","84.510","84.595","84.375","0.02K","-0.19%"
"07/17/2019","84.410","84.495","84.545","84.455","0.01K","0.00%"
"07/16/2019","84.410","84.495","84.545","84.455","0.02K","-0.01%"
"07/15/2019","84.420","84.495","84.545","84.460","0.01K","-0.09%"
"07/12/2019","84.495","84.495","84.495","84.495","","0.01%"
"07/11/2019","84.490","84.495","84.495","84.495","","0.08%"
"07/10/2019","84.420","84.495","84.545","84.460","0.01K","0.01%"
"07/09/2019","84.410","84.495","84.510","84.455","0.01K","-0.01%"
"07/08/2019","84.420","84.495","84.555","84.460","0.01K","-0.09%"
"07/05/2019","84.495","84.495","84.495","84.495","","0.01%"
"07/04/2019","84.490","84.495","84.495","84.495","","0.00%"
"07/03/2019","84.490","84.495","84.495","84.495","","0.08%"
"07/02/2019","84.420","84.495","84.550","84.460","0.01K","0.00%"
"07/01/2019","84.420","84.415","84.520","84.415","0.01K","-0.09%"
"06/28/2019","84.495","84.495","84.495","84.495","","0.01%"
"06/27/2019","84.490","84.495","84.495","84.495","","0.08%"
"06/26/2019","84.420","84.495","84.575","84.385","0.02K","0.00%"
"06/25/2019","84.420","84.495","84.545","84.385","0.01K","0.00%"
"06/24/2019","84.420","84.495","84.585","84.385","0.02K","0.01%"
"06/21/2019","84.410","84.505","84.535","84.505","0.01K","0.00%"
"06/20/2019","84.410","84.495","84.540","84.385","0.02K","-0.01%"
"06/19/2019","84.420","84.495","84.550","84.385","0.01K","0.00%"
"06/18/2019","84.420","84.495","84.555","84.385","0.01K","0.00%"
"06/17/2019","84.420","84.495","84.555","84.385","0.01K","0.00%"
"06/14/2019","84.420","84.540","84.550","84.540","0.00K","0.00%"
"06/13/2019","84.420","84.495","84.570","84.460","0.02K","-0.08%"
"06/12/2019","84.490","84.425","84.535","84.385","","0.26%"
"06/11/2019","84.270","84.495","84.530","84.385","0.01K","0.00%"
"06/10/2019","84.270","84.495","84.545","84.385","0.02K","0.23%"
"06/07/2019","84.080","84.585","84.590","84.545","0.00K","0.00%"
"06/06/2019","84.080","84.530","84.630","84.470","0.01K","-0.10%"
"06/05/2019","84.160","84.590","84.650","84.505","0.01K","0.08%"
"06/04/2019","84.090","84.580","84.590","84.540","0.00K","-0.19%"
"06/03/2019","84.250","84.495","84.735","84.375","0.01K","-0.19%"
"05/31/2019","84.410","84.410","84.410","84.410","","0.57%"
"05/30/2019","83.930","84.495","84.690","84.215","0.01K","-0.29%"
"05/29/2019","84.170","84.495","84.655","84.335","0.01K","0.48%"
"05/28/2019","83.770","84.495","84.620","84.135","0.02K","-0.85%"
"05/27/2019","84.490","84.495","84.495","84.495","","0.86%"
"05/24/2019","83.770","84.225","84.230","84.225","0.00K","-0.10%"
"05/23/2019","83.850","84.495","84.575","84.175","0.02K","0.00%"
"05/22/2019","83.850","84.495","84.565","84.175","0.01K","-0.19%"
"05/21/2019","84.010","84.495","84.540","84.255","0.02K","0.10%"
"05/20/2019","83.930","84.495","84.685","84.215","0.02K","0.20%"
"05/17/2019","83.760","84.310","84.350","84.185","0.00K","-0.10%"
"05/16/2019","83.840","84.495","84.575","84.170","0.02K","0.18%"
"05/15/2019","83.690","84.495","84.560","84.095","0.03K","-0.29%"
"05/14/2019","83.930","84.495","84.545","84.215","0.01K","-0.10%"
"05/13/2019","84.010","84.495","84.545","84.255","0.02K","0.38%"
"05/10/2019","83.690","84.415","84.505","84.080","0.01K","-0.57%"
"05/09/2019","84.170","84.495","84.525","84.320","0.01K","-0.19%"
"05/08/2019","84.330","84.495","84.515","84.415","0.01K","0.19%"
"05/07/2019","84.170","84.445","84.525","84.310","0.01K","-0.32%"
"05/06/2019","84.440","84.445","84.445","84.445","","0.20%"
"05/03/2019","84.270","84.385","84.385","84.385","","0.00%"
"05/02/2019","84.270","84.445","84.470","84.360","0.01K","0.01%"
"05/01/2019","84.265","84.265","84.265","84.265","","0.55%"
"04/30/2019","83.800","84.480","84.585","84.125","0.02K","-0.76%"
"04/29/2019","84.440","84.345","84.465","84.345","0.01K","0.48%"
"04/26/2019","84.035","84.035","84.035","84.035","","0.58%"
"04/25/2019","83.550","84.345","84.450","83.950","0.02K","-0.12%"
"04/24/2019","83.650","84.195","84.490","84.000","0.02K","-0.25%"
"04/23/2019","83.860","84.380","84.480","84.105","0.02K","-0.10%"
"04/22/2019","83.940","84.415","84.440","84.255","0.01K","0.38%"
"04/19/2019","83.620","84.175","84.200","84.060","0.01K","-0.38%"
"04/18/2019","83.940","84.345","84.435","84.145","0.01K","-0.47%"
"04/17/2019","84.340","84.345","84.345","84.345","","0.48%"
"04/16/2019","83.940","84.225","84.425","84.145","0.02K","-0.10%"
"04/15/2019","84.020","84.390","84.440","84.185","0.01K","-0.09%"
"04/12/2019","84.095","84.095","84.095","84.095","","0.57%"
"04/11/2019","83.620","84.345","84.480","83.980","0.02K","-0.19%"
"04/10/2019","83.780","84.395","84.440","84.065","0.02K","0.19%"
"04/09/2019","83.620","84.295","84.505","83.935","0.02K","-0.42%"
"04/08/2019","83.970","84.245","84.315","84.110","0.01K","0.67%"
"04/05/2019","83.410","83.945","83.950","83.905","0.00K","-0.19%"
"04/04/2019","83.570","84.240","84.340","83.910","0.02K","-0.33%"
"04/03/2019","83.850","84.245","84.270","84.050","0.01K","0.10%"
"04/02/2019","83.770","84.245","84.275","84.010","0.01K","0.20%"
"04/01/2019","83.600","84.245","84.300","83.925","0.02K","0.19%"
"03/29/2019","83.440","84.030","84.060","83.910","0.00K","-0.38%"
"03/28/2019","83.760","84.240","84.300","84.005","0.01K","0.30%"
"03/27/2019","83.510","84.245","84.340","83.880","0.02K","-0.51%"
"03/26/2019","83.940","83.940","83.940","83.940","","0.60%"
"03/25/2019","83.440","84.225","84.340","83.845","0.02K","-0.57%"
"03/22/2019","83.915","83.915","83.915","83.915","","0.57%"
"03/21/2019","83.440","84.225","84.315","83.845","0.02K","-0.08%"
"03/20/2019","83.510","84.245","84.335","83.855","0.02K","-0.20%"
"03/19/2019","83.680","84.245","84.400","83.940","0.01K","0.00%"
"03/18/2019","83.680","84.175","84.345","83.795","0.01K","-0.32%"
"03/15/2019","83.950","83.950","83.950","83.950","","0.37%"
"03/14/2019","83.640","84.190","84.285","83.920","0.01K","-0.10%"
"03/13/2019","83.720","84.195","84.285","83.955","0.01K","0.06%"
"03/12/2019","83.670","84.195","84.320","83.920","0.01K","0.38%"
"03/11/2019","83.350","84.245","84.280","83.775","0.02K","0.04%"
"03/08/2019","83.320","83.815","83.815","83.815","","-0.10%"
"03/07/2019","83.400","84.135","84.220","83.775","0.02K","-0.48%"
"03/06/2019","83.800","84.145","84.165","83.975","0.01K","0.29%"
"03/05/2019","83.560","84.145","84.220","83.855","0.01K","-0.25%"
"03/04/2019","83.770","84.145","84.200","83.960","0.01K","-0.12%"
"03/01/2019","83.870","83.870","83.870","83.870","","0.00%"
"02/28/2019","83.870","83.870","83.870","83.870","","0.56%"
"02/27/2019","83.400","84.145","84.240","83.775","0.01K","-0.29%"
"02/26/2019","83.640","84.145","84.215","83.895","0.01K","0.10%"
"02/25/2019","83.560","84.115","84.345","83.840","0.01K","-0.53%"
"02/22/2019","84.005","84.005","84.005","84.005","","0.56%"
"02/21/2019","83.540","84.215","84.245","83.975","0.01K","-0.67%"
"02/20/2019","84.100","84.115","84.115","84.110","0.01K","0.00%"
"02/19/2019","84.100","84.115","84.115","84.110","0.01K","0.00%"
"02/18/2019","84.100","84.115","84.115","84.110","0.01K","0.21%"
"02/15/2019","83.925","83.925","83.925","83.925","","0.55%"
"02/14/2019","83.470","83.845","84.245","83.705","0.01K","-0.06%"
"02/13/2019","83.520","84.045","84.135","83.785","0.01K","-0.10%"
"02/12/2019","83.600","84.025","84.100","83.775","0.01K","0.31%"
"02/11/2019","83.340","83.945","84.020","83.645","0.01K","0.10%"
"02/08/2019","83.260","83.810","83.840","83.690","0.00K","-0.38%"
"02/07/2019","83.580","83.925","84.020","83.765","0.01K","0.10%"
"02/06/2019","83.500","83.945","83.995","83.725","0.01K","-0.29%"
"02/05/2019","83.740","83.945","83.990","83.845","0.01K","0.10%"
"02/04/2019","83.660","83.945","83.995","83.805","0.01K","0.58%"
"02/01/2019","83.180","83.660","83.660","83.660","","-0.10%"
"01/31/2019","83.260","83.895","84.015","83.605","0.02K","-0.38%"
"01/30/2019","83.580","83.925","84.000","83.765","0.01K","-0.04%"
"01/29/2019","83.610","83.945","83.970","83.780","0.01K","-0.20%"
"01/28/2019","83.780","83.945","83.960","83.865","0.01K","0.62%"
"01/25/2019","83.260","83.765","83.775","83.725","0.00K","-0.19%"
"01/24/2019","83.420","83.945","84.060","83.685","0.01K","0.19%"
"01/23/2019","83.260","83.945","84.025","83.605","0.02K","-0.48%"
"01/22/2019","83.660","83.895","83.955","83.805","0.01K","-0.33%"
"01/21/2019","83.940","83.945","83.945","83.925","0.00K","0.35%"
"01/18/2019","83.650","83.650","83.650","83.650","","0.57%"
"01/17/2019","83.180","83.945","84.030","83.565","0.02K","-0.29%"
"01/16/2019","83.420","83.945","84.095","83.685","0.00K","0.00%"
"01/15/2019","83.420","83.945","84.040","83.685","0.00K","-0.10%"
"01/14/2019","83.500","83.945","84.040","83.725","0.01K","0.29%"
"01/11/2019","83.260","83.685","83.690","83.645","0.00K","-0.19%"
"01/10/2019","83.420","83.945","83.980","83.685","0.00K","0.29%"
"01/09/2019","83.180","83.945","84.045","83.565","0.01K","-0.29%"
"01/08/2019","83.420","83.945","84.015","83.685","0.01K","-0.19%"
"01/07/2019","83.580","83.945","84.040","83.740","0.01K","0.12%"
"01/04/2019","83.480","83.930","83.965","83.810","0.01K","-0.18%"
"01/03/2019","83.630","83.895","83.995","83.765","0.01K","0.22%"
"01/02/2019","83.450","83.895","83.945","83.675","0.01K","-0.48%"
"01/01/2019","83.850","83.895","83.895","83.875","0.01K","0.29%"
"12/31/2018","83.610","83.610","83.610","83.610","","0.58%"
"12/28/2018","83.130","83.700","83.730","83.580","","-0.38%"
"12/27/2018","83.450","83.895","83.955","83.675","","-0.04%"
"12/26/2018","83.480","83.895","84.015","83.690","","-0.28%"
"12/25/2018","83.715","83.715","83.715","83.715","","0.33%"
"12/24/2018","83.440","83.895","83.940","83.670","","0.05%"
"12/21/2018","83.400","83.930","83.970","83.770","","0.19%"
"12/20/2018","83.240","83.895","83.965","83.570","","-0.38%"
"12/19/2018","83.560","83.895","84.015","83.730","","0.10%"
"12/18/2018","83.480","83.895","83.950","83.690","","-0.29%"
"12/17/2018","83.720","83.895","83.915","83.810","","0.46%"
"12/14/2018","83.340","83.795","83.815","83.675","","-0.38%"
"12/13/2018","83.660","83.895","83.945","83.780","","0.12%"
"12/12/2018","83.560","83.895","83.950","83.730","","0.07%"
"12/11/2018","83.500","83.895","83.935","83.700","","0.01%"
"12/10/2018","83.490","83.890","83.955","83.695","","0.40%"
"12/07/2018","83.160","83.715","83.730","83.595","","-0.38%"
"12/06/2018","83.480","83.895","83.950","83.690","","0.29%"
"12/05/2018","83.240","83.890","84.050","83.570","","0.19%"
"12/04/2018","83.080","83.945","84.010","83.490","","-0.95%"
"12/03/2018","83.880","83.895","83.895","83.890","","-0.97%"
"11/30/2018","84.700","85.170","85.170","85.170","","1.26%"
"11/29/2018","83.650","83.895","83.910","83.775","","-0.11%"
"11/28/2018","83.740","83.895","83.925","83.820","","0.31%"
"11/27/2018","83.480","83.895","83.920","83.690","","-0.29%"
"11/26/2018","83.720","83.890","85.170","83.810","","-0.20%"
"11/23/2018","83.890","83.890","83.890","83.890","","0.01%"
"11/22/2018","83.880","83.895","83.895","83.865","","0.98%"
"11/21/2018","83.070","83.535","83.535","83.535","","-0.10%"
"11/20/2018","83.150","83.875","83.925","83.515","","-0.57%"
"11/19/2018","83.630","83.875","83.900","83.755","","0.04%"
"11/16/2018","83.600","83.785","83.805","83.785","","0.00%"
"11/15/2018","83.600","83.865","85.170","83.740","","-0.05%"
"11/14/2018","83.640","83.875","83.890","83.760","","0.34%"
"11/13/2018","83.360","83.845","83.890","83.605","","-0.55%"
"11/12/2018","83.820","83.845","83.845","83.835","","0.83%"
"11/09/2018","83.130","83.745","83.775","83.545","","-0.57%"
"11/08/2018","83.610","83.845","83.890","83.730","","0.11%"
"11/07/2018","83.520","83.835","83.905","83.685","","0.12%"
"11/06/2018","83.420","83.865","85.170","83.635","","-0.38%"
"11/05/2018","83.740","83.795","83.925","83.755","","0.08%"
"11/02/2018","83.670","83.825","85.170","83.755","","-0.04%"
"11/01/2018","83.700","83.895","83.970","83.665","","-0.08%"
"10/31/2018","83.770","85.260","85.345","83.770","","-1.47%"
"10/30/2018","85.020","85.140","85.340","83.675","","0.28%"
"10/29/2018","84.780","85.275","85.350","83.665","","-0.32%"
"10/26/2018","85.050","85.275","85.315","83.760","","0.00%"
"10/25/2018","85.050","83.915","85.325","83.665","","0.06%"
"10/24/2018","85.000","85.225","85.275","83.665","","0.06%"
"10/23/2018","84.950","85.050","85.240","83.665","","0.41%"
"10/22/2018","84.600","83.895","85.135","83.665","","-0.18%"
"10/19/2018","84.750","83.825","85.150","83.725","","0.00%"
"10/18/2018","84.750","83.815","85.140","83.665","","1.27%"
"10/17/2018","83.690","83.795","85.080","83.665","","0.02%"
"10/16/2018","83.670","83.805","85.000","83.665","","-0.01%"
"10/15/2018","83.680","83.825","84.800","83.665","","-0.02%"
"10/12/2018","83.700","83.745","84.025","83.685","","0.10%"
"10/11/2018","83.620","83.695","84.750","83.660","","0.06%"
"10/10/2018","83.570","83.815","84.775","83.660","","-0.14%"
"10/09/2018","83.690","83.805","84.725","83.650","","0.01%"
"10/08/2018","83.680","83.805","84.600","83.735","","0.00%"
"10/05/2018","83.680","83.795","84.045","83.630","","0.16%"
"10/04/2018","83.550","83.805","84.375","83.650","","-0.16%"
"10/03/2018","83.680","83.865","84.300","83.650","","-0.07%"
"10/02/2018","83.740","83.805","84.250","83.640","","0.07%"
"10/01/2018","83.680","83.815","84.300","83.625","","0.08%"
"09/28/2018","83.610","83.795","84.020","83.710","","0.02%"
"09/27/2018","83.590","83.765","84.175","83.595","","-0.06%"
"09/26/2018","83.640","83.745","84.175","83.625","","0.02%"
"09/25/2018","83.620","83.705","84.165","83.625","","0.05%"
"09/24/2018","83.580","83.805","84.150","83.625","","-0.12%"
"09/21/2018","83.680","83.805","84.015","83.715","","0.00%"
"09/20/2018","83.680","83.825","84.125","83.635","","-0.02%"
"09/19/2018","83.700","83.905","84.175","83.625","","-0.10%"
"09/18/2018","83.780","83.895","84.125","83.650","","0.11%"
"09/17/2018","83.690","83.815","84.100","83.650","","0.00%"
"09/14/2018","83.690","83.815","84.020","83.740","","0.00%"
"09/13/2018","83.690","83.725","84.100","83.600","","0.11%"
"09/12/2018","83.600","83.715","84.100","83.635","","0.01%"
"09/11/2018","83.590","83.705","84.110","83.610","","0.01%"
"09/10/2018","83.580","83.805","84.125","83.545","","-0.12%"
"09/07/2018","83.680","83.815","83.885","83.645","","0.08%"
"09/06/2018","83.610","83.805","83.870","83.640","","-0.08%"
"09/05/2018","83.680","83.805","83.870","83.635","","0.19%"
"09/04/2018","83.520","83.795","83.950","83.635","","-0.18%"
"09/03/2018","83.670","83.795","83.950","83.710","","0.00%"
"08/31/2018","83.670","83.805","83.920","83.640","","-0.16%"
"08/30/2018","83.805","83.815","83.995","83.725","","-0.01%"
"08/29/2018","83.810","83.890","84.050","83.720","","0.05%"
"08/28/2018","83.770","83.930","84.090","83.770","","-0.05%"
"08/27/2018","83.815","83.795","83.975","83.725","","-0.10%"
"08/24/2018","83.900","84.120","84.130","83.900","","-0.06%"
"08/23/2018","83.950","84.130","84.150","83.950","","0.17%"
"08/22/2018","83.805","83.805","83.825","83.725","","0.00%"
"08/21/2018","83.805","83.805","83.825","83.725","","0.00%"
"08/20/2018","83.805","83.805","84.025","83.565","","0.00%"
"08/17/2018","83.805","83.805","83.805","83.765","","-0.26%"
"08/16/2018","84.025","84.385","84.385","84.025","","-0.56%"
"08/15/2018","84.500","84.180","84.500","84.050","","0.00%"
"08/14/2018","84.500","84.500","84.500","84.150","","0.00%"
"08/13/2018","84.500","84.500","84.500","84.140","","0.00%"
"08/10/2018","84.500","84.500","84.500","84.100","","0.00%"
"08/09/2018","84.500","84.500","84.500","84.100","","0.00%"
"08/08/2018","84.500","84.500","84.500","84.100","","0.00%"
"08/07/2018","84.500","84.500","84.500","84.100","","0.00%"
"08/06/2018","84.500","84.500","84.500","84.160","","0.00%"
"08/03/2018","84.500","84.500","84.500","84.100","","0.00%"
"08/02/2018","84.500","84.500","84.500","84.100","","0.00%"
"08/01/2018","84.500","84.500","84.540","84.000","","0.00%"
"07/31/2018","84.500","84.500","84.500","84.100","","0.00%"
"07/30/2018","84.500","84.500","84.540","84.100","","0.00%"
"07/27/2018","84.500","84.500","84.540","84.170","","0.00%"
"07/26/2018","84.500","84.500","84.540","84.180","","0.00%"
"07/25/2018","84.500","84.500","84.540","84.170","","0.00%"
"07/24/2018","84.500","84.500","84.500","84.160","","0.00%"
"07/23/2018","84.500","84.500","84.500","84.160","","0.00%"
"07/20/2018","84.500","84.500","84.500","84.100","","0.00%"
"07/19/2018","84.500","84.500","84.500","84.100","","0.00%"
"07/18/2018","84.500","84.500","84.500","84.100","","0.00%"
"07/17/2018","84.500","84.500","84.500","84.150","","0.00%"
"07/16/2018","84.500","84.170","84.500","84.150","","0.84%"
"07/13/2018","83.795","83.875","83.875","83.785","","-0.01%"
"07/12/2018","83.805","83.795","84.125","83.715","","0.01%"
"07/11/2018","83.795","83.795","84.075","83.645","","0.00%"
"07/10/2018","83.795","83.795","84.075","83.565","","-0.13%"
"07/09/2018","83.900","84.120","84.650","83.900","","0.13%"
"07/06/2018","83.795","83.795","83.805","83.595","","-0.20%"
"07/05/2018","83.965","84.195","84.445","83.835","","0.17%"
"07/04/2018","83.825","83.825","84.125","83.825","","0.00%"
"07/03/2018","83.825","83.795","84.275","83.465","","0.04%"
"07/02/2018","83.795","83.735","84.275","83.625","","0.07%"
"06/29/2018","83.735","83.745","83.755","83.675","","-0.02%"
"06/28/2018","83.750","84.130","84.280","83.680","","-0.89%"
"06/27/2018","84.500","84.500","84.650","84.000","","0.00%"
"06/26/2018","84.500","84.500","84.650","83.500","","0.00%"
"06/25/2018","84.500","84.500","84.650","84.050","","0.00%"
"06/22/2018","84.500","84.500","84.500","84.000","","0.00%"
"06/21/2018","84.500","84.500","84.700","84.000","","0.00%"
"06/20/2018","84.500","84.500","84.700","84.000","","0.00%"
"06/19/2018","84.500","84.500","84.750","84.050","","0.00%"
"06/18/2018","84.500","84.500","84.750","84.000","","0.00%"
"06/15/2018","84.500","84.700","84.700","84.000","","-0.12%"
"06/14/2018","84.600","84.450","84.650","83.900","","0.09%"
"06/13/2018","84.525","84.525","84.525","83.895","","0.00%"
"06/12/2018","84.525","84.775","84.775","83.975","","-0.15%"
"06/11/2018","84.650","84.020","84.700","83.950","","0.00%"
"06/08/2018","84.650","84.650","84.650","83.850","","0.00%"
"06/07/2018","84.650","84.650","84.700","83.850","","1.02%"
"06/06/2018","83.795","83.625","84.475","83.625","","-1.01%"
"06/05/2018","84.650","84.650","84.700","83.850","","0.00%"
"06/04/2018","84.650","84.030","84.700","83.850","","0.18%"
"06/01/2018","84.500","84.500","84.500","84.000","","0.00%"
"05/31/2018","84.500","84.500","84.850","84.000","","0.85%"
"05/30/2018","83.785","84.125","84.475","83.625","","-0.85%"
"05/29/2018","84.500","84.500","84.850","84.100","","0.00%"
"05/28/2018","84.500","84.190","84.800","84.190","","0.00%"
"05/25/2018","84.500","84.500","84.550","84.160","","0.00%"
"05/24/2018","84.500","84.140","84.800","84.140","","0.88%"
"05/23/2018","83.765","83.805","84.495","83.765","","-0.02%"
"05/22/2018","83.785","84.725","84.725","83.325","","-1.20%"
"05/21/2018","84.800","83.710","84.800","83.300","","0.00%"
"05/18/2018","84.800","84.800","84.800","83.700","","0.00%"
"05/17/2018","84.800","84.800","84.800","83.700","","0.00%"
"05/16/2018","84.800","83.250","84.800","83.250","","0.74%"
"05/15/2018","84.175","83.245","84.815","83.215","","1.23%"
"05/14/2018","83.155","84.575","84.725","83.125","","-1.85%"
"05/11/2018","84.725","84.725","84.725","83.275","","0.00%"
"05/10/2018","84.725","84.725","84.725","83.305","","0.00%"
"05/09/2018","84.725","84.725","84.725","83.275","","0.00%"
"05/08/2018","84.725","84.725","84.725","83.175","","2.05%"
"05/07/2018","83.025","83.045","84.575","82.925","","-2.01%"
"05/04/2018","84.725","84.725","84.725","83.125","","0.00%"
"05/03/2018","84.725","84.475","84.725","83.075","","0.15%"
"05/02/2018","84.600","84.600","84.600","83.280","","0.00%"
"05/01/2018","84.600","84.600","84.600","83.180","","0.00%"
"04/30/2018","84.600","84.600","84.650","83.250","","0.00%"
"04/27/2018","84.600","84.600","84.600","83.150","","0.00%"
"04/26/2018","84.600","84.600","84.600","83.180","","0.00%"
"04/25/2018","84.600","84.500","84.600","83.150","","0.06%"
"04/24/2018","84.550","84.550","84.550","83.150","","0.00%"
"04/23/2018","84.550","83.370","84.550","83.250","","1.81%"
"04/20/2018","83.045","83.055","83.455","82.975","","-0.01%"
"04/19/2018","83.055","83.015","83.975","82.925","","0.05%"
"04/18/2018","83.015","83.285","83.975","82.975","","0.01%"
"04/17/2018","83.005","83.025","84.025","82.975","","-0.02%"
"04/16/2018","83.025","83.005","84.025","82.875","","0.02%"
"04/13/2018","83.005","83.035","83.045","82.905","","-0.04%"
"04/12/2018","83.040","83.070","84.050","82.900","","-0.01%"
"04/11/2018","83.045","83.035","83.095","82.975","","0.11%"
"04/10/2018","82.950","83.170","84.150","82.950","","-0.11%"
"04/09/2018","83.045","83.025","83.975","83.025","","0.02%"
"04/06/2018","83.025","83.045","83.695","82.825","","0.03%"
"04/05/2018","83.000","83.130","84.100","82.950","","-0.01%"
"04/04/2018","83.005","83.045","83.975","82.825","","-0.05%"
"04/03/2018","83.045","83.045","83.975","82.825","","0.00%"
"04/02/2018","83.045","83.035","84.025","82.875","","0.01%"